"","x","y","land","built_s","built_v","NUMPOINTS","pop","smod_10","smod_11","smod_12","smod_13","smod_21","smod_22","smod_23","smod_30","id","country"
"1",279000,1519000,1e+06,918.01,2296.19,1,2754.75197577477,0,91,8,1,0,0,0,0,1,1
"2",249000,1509000,997028.34,4.84,12.14,0,14.6026835776866,0,100,0,0,0,0,0,0,2,1
"3",259000,1509000,999813,1.82,4.55,0,5.46770909428596,0,100,0,0,0,0,0,0,3,1
"4",269000,1509000,999934.74,0.2,0.5,0,0.600847125053406,0,100,0,0,0,0,0,0,4,1
"5",279000,1509000,1e+06,140.01,350.33,0,419.956108376383,0,99,1,0,0,0,0,0,5,1
"6",289000,1509000,999807.97,1343.93,3361.71,1,4022.80385750905,0,83,16,1,0,0,0,0,6,1
"7",249000,1499000,1e+06,8.85,22.2,0,26.6776134707034,0,100,0,0,0,0,0,0,7,1
"8",259000,1499000,1e+06,4.12,10.34,0,12.425518989563,0,100,0,0,0,0,0,0,8,1
"9",269000,1499000,1e+06,2.85,7.15,0,8.59211415052414,0,100,0,0,0,0,0,0,9,1
"10",279000,1499000,1e+06,1.44,3.64,0,4.37416722625494,0,100,0,0,0,0,0,0,10,1
"11",289000,1499000,998781,316.19,791.5,0,934.377398636192,0,94,6,0,0,0,0,0,11,1
"12",299000,1499000,991239.78,2369.6,5926.58,6,7090.56114824489,0,75,21,4,0,0,0,0,12,1
"13",249000,1489000,1e+06,12.63,31.73,0,38.1297602318227,0,100,0,0,0,0,0,0,13,1
"14",259000,1489000,1e+06,4.96,12.43,0,14.9370601922274,0,100,0,0,0,0,0,0,14,1
"15",269000,1489000,1e+06,1.25,3.13,0,3.76130318641663,0,100,0,0,0,0,0,0,15,1
"16",279000,1489000,1e+06,0.11,0.28,0,0.336474388837814,0,100,0,0,0,0,0,0,16,1
"17",289000,1489000,999399.64,5.6,14.03,0,16.8597708642483,0,100,0,0,0,0,0,0,17,1
"18",299000,1489000,1e+06,203.13,508.74,0,611.349954888224,0,98,2,0,0,0,0,0,18,1
"19",309000,1489000,994881.57,4340.71,17165.3,3,20579.1830443852,0,86,6,2,1,0,5,0,19,1
"20",249000,1479000,1e+06,8.89,22.3,0,26.7977828122675,0,100,0,0,0,0,0,0,20,1
"21",259000,1479000,1e+06,0,0,0,0,0,100,0,0,0,0,0,0,21,1
"22",269000,1479000,1e+06,1.88,4.72,0,5.67199707031251,0,100,0,0,0,0,0,0,22,1
"23",279000,1479000,1e+06,1.97,4.95,0,5.9483866430819,0,100,0,0,0,0,0,0,23,1
"24",289000,1479000,1e+06,0.49,1.23,0,1.47808396816254,0,100,0,0,0,0,0,0,24,1
"25",299000,1479000,998885.42,11.54,28.94,0,24.7242622002959,0,100,0,0,0,0,0,0,25,1
"26",309000,1479000,997573.85,1215.53,3041.59,3,2461.70553589612,0,87,13,0,0,0,0,0,26,1
"27",319000,1479000,952857.76,5466.3,19075.15,5,21112.9124781229,0,74,17,7,0,0,2,0,27,1
"28",239000,1469000,997608.01,82.25,205.83,0,237.968272425235,0,98,2,0,0,0,0,0,28,1
"29",249000,1469000,1e+06,11.26,28.21,0,33.8997956067323,0,100,0,0,0,0,0,0,29,1
"30",259000,1469000,1e+06,2.76,6.92,0,8.31572455167771,0,100,0,0,0,0,0,0,30,1
"31",269000,1469000,1e+06,2.57,6.46,0,7.762945137918,0,100,0,0,0,0,0,0,31,1
"32",279000,1469000,1e+06,9.97,24.98,0,30.0183236785233,0,100,0,0,0,0,0,0,32,1
"33",289000,1469000,1e+06,4.21,10.55,0,12.6778746433556,0,100,0,0,0,0,0,0,33,1
"34",299000,1469000,997886.74,1.87,4.71,0,3.64482517167926,0,100,0,0,0,0,0,0,34,1
"35",309000,1469000,999388.51,563.14,1409.6,0,1041.70705710724,0,96,4,0,0,0,0,0,35,1
"36",319000,1469000,993677.15,3795.14,11923.57,2,11542.4482309371,0,80,14,6,0,0,0,0,36,1
"37",239000,1459000,998202.32,13.8,34.63,0,38.083829537034,0,100,0,0,0,0,0,0,37,1
"38",249000,1459000,1e+06,11.71,29.39,0,35.3177955560386,0,100,0,0,0,0,0,0,38,1
"39",259000,1459000,1e+06,5.56,13.93,0,16.7396014966071,0,100,0,0,0,0,0,0,39,1
"40",269000,1459000,1e+06,3.23,8.1,0,9.73372357338667,0,100,0,0,0,0,0,0,40,1
"41",279000,1459000,1e+06,3.79,9.51,0,11.4281126782298,0,100,0,0,0,0,0,0,41,1
"42",289000,1459000,1e+06,4.22,10.59,0,12.7259426563978,0,100,0,0,0,0,0,0,42,1
"43",299000,1459000,998339.8,18.45,46.29,0,36.9655419439077,0,100,0,0,0,0,0,0,43,1
"44",309000,1459000,1e+06,205.82,516.12,0,382.76143284142,0,100,0,0,0,0,0,0,44,1
"45",319000,1459000,1e+06,2543.45,8246.06,2,6115.38741355389,0,87,9,4,0,0,0,0,45,1
"46",329000,1459000,1e+06,8232.89,36045.48,3,26722.3576079793,0,77,14,0,3,3,0,3,46,1
"47",339000,1459000,972693.07,29359.01,164237.89,23,117138.268215201,0,65,13,5,4,0,4,9,47,1
"48",239000,1449000,999822.1,1.86,4.68,0,5.62392929568887,0,100,0,0,0,0,0,0,48,1
"49",249000,1449000,1e+06,0.29,0.73,0,0.877236843109131,0,100,0,0,0,0,0,0,49,1
"50",259000,1449000,1e+06,0.09,0.23,0,0.276389688253403,0,100,0,0,0,0,0,0,50,1
"51",269000,1449000,1e+06,2.6,6.54,0,7.85908063128591,0,100,0,0,0,0,0,0,51,1
"52",279000,1449000,1e+06,1.9,4.77,0,5.73208174481988,0,100,0,0,0,0,0,0,52,1
"53",289000,1449000,999026.45,1.21,3.04,0,3.65315069258213,0,100,0,0,0,0,0,0,53,1
"54",299000,1449000,998846.3,0.72,1.81,0,1.34231996536255,0,100,0,0,0,0,0,0,54,1
"55",309000,1449000,1e+06,462.18,1157.01,0,853.715515766292,0,97,3,0,0,0,0,0,55,1
"56",319000,1449000,1e+06,10234.41,36085.64,8,26702.4600380547,0,74,12,3,3,6,2,0,56,1
"57",329000,1449000,998753.89,2023.71,6015.1,0,4336.57609277963,0,90,6,3,1,0,0,0,57,1
"58",339000,1449000,998941.67,2365.06,8625.25,3,6379.98760194704,0,92,4,0,4,0,0,0,58,1
"59",349000,1449000,932077.74,6199.21,21564.02,4,16521.2982125506,2,78,11,4,3,0,2,0,59,1
"60",239000,1439000,1e+06,1467.21,3670.18,0,1786.36720531434,0,86,14,0,0,0,0,0,60,1
"61",249000,1439000,1e+06,4951.97,12383.86,4,5916.53100809455,0,72,24,4,0,0,0,0,61,1
"62",259000,1439000,1e+06,198.76,497.24,0,528.185570012778,0,98,2,0,0,0,0,0,62,1
"63",269000,1439000,1e+06,0.54,1.36,0,1.63430421426892,0,100,0,0,0,0,0,0,63,1
"64",279000,1439000,999873.03,2.15,5.39,0,6.47713223099709,0,100,0,0,0,0,0,0,64,1
"65",289000,1439000,996517.77,2.61,6.55,1,7.17637528851628,0,100,0,0,0,0,0,0,65,1
"66",299000,1439000,1e+06,0,0,0,0,0,100,0,0,0,0,0,0,66,1
"67",309000,1439000,1e+06,810.34,3104.34,1,2300.51399268582,0,97,1,2,0,0,0,0,67,1
"68",319000,1439000,1e+06,2231.39,6634.04,5,4919.89198328182,0,86,11,3,0,0,0,0,68,1
"69",329000,1439000,998186.42,371.61,930.01,0,686.059003379196,0,98,2,0,0,0,0,0,69,1
"70",339000,1439000,1e+06,864.26,2161.6,1,1603.07121105492,0,89,11,0,0,0,0,0,70,1
"71",349000,1439000,999586.23,3815.71,12822.58,3,9466.81922554597,0,90,5,1,2,0,2,0,71,1
"72",229000,1429000,997582.82,386.4,967.05,0,470.687106851489,0,99,1,0,0,0,0,0,72,1
"73",239000,1429000,1e+06,4293.3,10737.84,3,5164.01750022918,0,69,30,1,0,0,0,0,73,1
"74",249000,1429000,1e+06,5092.02,12735.57,7,6117.65231723711,0,58,42,0,0,0,0,0,74,1
"75",259000,1429000,1e+06,4952.53,12386.41,3,6392.01898229122,0,57,42,1,0,0,0,0,75,1
"76",269000,1429000,1e+06,7.04,17.65,0,21.2099043428898,0,100,0,0,0,0,0,0,76,1
"77",279000,1429000,998133.59,1.29,3.23,0,3.88147254288196,0,100,0,0,0,0,0,0,77,1
"78",289000,1429000,998484.27,1.21,3.05,0,1.49929652363062,0,100,0,0,0,0,0,0,78,1
"79",299000,1429000,1e+06,0,0,0,0,0,100,0,0,0,0,0,0,79,1
"80",309000,1429000,1e+06,1617.43,5950.43,1,4369.29607341439,0,95,4,1,0,0,0,0,80,1
"81",319000,1429000,999772.01,428.91,1073.05,0,795.788098827004,0,96,4,0,0,0,0,0,81,1
"82",329000,1429000,997636.45,449.07,1123.02,0,832.846521820873,0,97,2,1,0,0,0,0,82,1
"83",339000,1429000,1e+06,763.04,1908.67,1,1415.49496436864,0,93,7,0,0,0,0,0,83,1
"84",349000,1429000,1e+06,3764.21,11423.37,5,8491.21224510856,0,81,11,7,0,1,0,0,84,1
"85",219000,1419000,1e+06,2.88,7.23,0,3.51901943981648,0,100,0,0,0,0,0,0,85,1
"86",229000,1419000,998561.76,619.8,1551.19,0,755.002464223653,0,97,3,0,0,0,0,0,86,1
"87",239000,1419000,1e+06,5754.08,15670.64,3,7606.43604170531,0,59,40,1,0,0,0,0,87,1
"88",249000,1419000,1e+06,15089.51,56752.44,9,27560.4348880202,0,38,53,0,5,0,4,0,88,1
"89",259000,1419000,1e+06,9316.05,23299.29,6,11882.1149801537,0,36,61,3,0,0,0,0,89,1
"90",269000,1419000,1e+06,966.48,2417.81,0,1293.38360187784,0,90,10,0,0,0,0,0,90,1
"91",279000,1419000,997597.59,3.94,9.9,0,11.0375261679292,0,100,0,0,0,0,0,0,91,1
"92",289000,1419000,997909.32,1.66,4.16,0,2.04494214430451,0,100,0,0,0,0,0,0,92,1
"93",299000,1419000,1e+06,5.81,14.56,0,7.15729750879109,0,100,0,0,0,0,0,0,93,1
"94",309000,1419000,1e+06,1112.82,2783.86,1,1553.90526368003,0,94,6,0,0,0,0,0,94,1
"95",319000,1419000,998979.3,144.28,361.52,0,268.10802346468,0,100,0,0,0,0,0,0,95,1
"96",329000,1419000,999208.74,67.95,170.29,0,126.289320811629,0,100,0,0,0,0,0,0,96,1
"97",339000,1419000,999568.96,80.69,202.16,0,146.157139856368,0,99,1,0,0,0,0,0,97,1
"98",149000,1409000,998197.91,11.68,29.3,0,10.7829059902579,0,100,0,0,0,0,0,0,98,1
"99",209000,1409000,1e+06,2.08,5.23,0,2.54557006061077,0,100,0,0,0,0,0,0,99,1
"100",219000,1409000,998032.32,75.07,187.74,0,91.3776932805777,0,99,1,0,0,0,0,0,100,1
"101",229000,1409000,998890.36,2119.08,5300.7,1,2579.98153924197,0,86,13,1,0,0,0,0,101,1
"102",239000,1409000,999264.96,7910.04,21217.46,8,10207.6923394054,0,46,50,4,0,0,0,0,102,1
"103",249000,1409000,1e+06,8114.44,21539.3,7,10415.0175505616,0,42,56,1,1,0,0,0,103,1
"104",259000,1409000,1e+06,7639.55,20250.01,5,9856.17974930629,0,44,55,1,0,0,0,0,104,1
"105",269000,1409000,1e+06,6448.33,16125.84,3,7897.39085949957,0,48,51,1,0,0,0,0,105,1
"106",279000,1409000,997619.24,1034.09,2586.56,0,1727.90267925151,0,84,16,0,0,0,0,0,106,1
"107",289000,1409000,999180.21,1.32,3.32,0,1.63202116731555,0,100,0,0,0,0,0,0,107,1
"108",299000,1409000,1e+06,145.88,372.09,0,152.067996850237,0,100,0,0,0,0,0,0,108,1
"109",309000,1409000,999954.08,4826.04,14490.88,3,7067.69438610505,0,84,13,3,0,0,0,0,109,1
"110",319000,1409000,999373.34,830.19,2076.92,1,1459.20011791959,0,94,5,1,0,0,0,0,110,1
"111",329000,1409000,999927.19,56.3,141.03,0,78.952146627009,0,100,0,0,0,0,0,0,111,1
"112",339000,1409000,998823.86,588.54,1471.88,0,1049.61108601093,0,97,1,2,0,0,0,0,112,1
"113",139000,1399000,999888.21,20.15,50.56,0,18.606953041628,0,100,0,0,0,0,0,0,113,1
"114",149000,1399000,1e+06,9.8,24.59,0,9.0495446100831,0,100,0,0,0,0,0,0,114,1
"115",159000,1399000,1e+06,5.72,14.36,0,5.28472794592381,0,100,0,0,0,0,0,0,115,1
"116",169000,1399000,1e+06,2.47,6.19,0,2.27802686393261,0,100,0,0,0,0,0,0,116,1
"117",179000,1399000,1e+06,11.83,29.67,0,10.9190724007785,0,100,0,0,0,0,0,0,117,1
"118",189000,1399000,998400.48,46.45,116.19,0,52.4295828510076,0,100,0,0,0,0,0,0,118,1
"119",199000,1399000,1e+06,1.36,3.41,0,1.55032121390104,0,100,0,0,0,0,0,0,119,1
"120",209000,1399000,998970.27,83.76,209.69,0,102.061299987137,0,100,0,0,0,0,0,0,120,1
"121",219000,1399000,999717.92,3969.22,9928.01,3,4829.49163059145,0,70,30,0,0,0,0,0,121,1
"122",229000,1399000,1e+06,6053.11,16655.15,4,8092.32356345281,0,50,47,3,0,0,0,0,122,1
"123",239000,1399000,1e+06,14463.88,58480.83,15,28278.1201334409,0,49,39,6,2,0,4,0,123,1
"124",249000,1399000,1e+06,18688.73,73701.09,11,35802.9420879372,0,33,50,8,6,0,3,0,124,1
"125",259000,1399000,1e+06,5876.47,14698.36,1,7154.05464462191,0,49,51,0,0,0,0,0,125,1
"126",269000,1399000,1e+06,3218.56,8051.15,0,3918.69345399365,0,79,21,0,0,0,0,0,126,1
"127",279000,1399000,998014.44,2387.38,5972.15,0,2906.85109968111,0,79,21,0,0,0,0,0,127,1
"128",289000,1399000,997185.69,1006.24,2517.89,0,1193.62108086608,0,94,6,0,0,0,0,0,128,1
"129",299000,1399000,1e+06,9170.18,29878.25,7,14642.4545659851,0,76,15,4,0,5,0,0,129,1
"130",309000,1399000,1e+06,1196.23,2993.17,0,1469.69896228984,0,95,5,0,0,0,0,0,130,1
"131",319000,1399000,999832.85,619.38,1901.87,0,1062.85850846395,0,98,1,1,0,0,0,0,131,1
"132",329000,1399000,997283.53,253.39,634.02,0,430.793888976798,0,96,4,0,0,0,0,0,132,1
"133",339000,1399000,1e+06,427.51,1069.67,0,707.806500202045,0,94,6,0,0,0,0,0,133,1
"134",129000,1389000,997068.9,6.03,15.13,0,7.98595365695655,0,100,0,0,0,0,0,0,134,1
"135",139000,1389000,1e+06,7.43,18.65,0,6.86352205462754,0,100,0,0,0,0,0,0,135,1
"136",149000,1389000,1e+06,4.07,10.21,0,3.75745626538992,0,100,0,0,0,0,0,0,136,1
"137",159000,1389000,1e+06,12.64,31.64,0,11.6440665312112,0,100,0,0,0,0,0,0,137,1
"138",169000,1389000,1e+06,7.05,17.7,0,6.51390566118061,0,100,0,0,0,0,0,0,138,1
"139",179000,1389000,999000.45,9.21,23.09,0,9.30830414779485,0,100,0,0,0,0,0,0,139,1
"140",189000,1389000,999581.27,3.81,9.56,0,3.84048029221594,0,100,0,0,0,0,0,0,140,1
"141",199000,1389000,1e+06,3.47,8.7,0,3.95536500960588,0,100,0,0,0,0,0,0,141,1
"142",209000,1389000,998493.1,556.23,1391.39,0,677.223856665195,0,97,3,0,0,0,0,0,142,1
"143",219000,1389000,999961.75,4529.36,11328.72,3,5504.43762369454,0,60,40,0,0,0,0,0,143,1
"144",229000,1389000,1e+06,8151.54,21686.41,5,10459.5431307219,0,52,43,5,0,0,0,0,144,1
"145",239000,1389000,1e+06,26832.1,122000.9,32,59152.7073321454,0,40,38,2,12,0,8,0,145,1
"146",249000,1389000,1e+06,6431.24,16084.73,1,7828.83517426252,0,51,48,1,0,0,0,0,146,1
"147",259000,1389000,998609.49,5623.09,14064,2,6846.82332011126,0,53,45,2,0,0,0,0,147,1
"148",269000,1389000,997839.51,2391.46,5983.05,1,2935.75478384551,0,91,9,0,0,0,0,0,148,1
"149",279000,1389000,998227.39,3175.66,7944.59,3,3899.80821261834,0,78,22,0,0,0,0,0,149,1
"150",289000,1389000,1e+06,2157.24,5397.47,0,2635.6158633288,0,91,9,0,0,0,0,0,150,1
"151",299000,1389000,1e+06,6112.8,20417,4,9982.65073114913,0,75,18,7,0,0,0,0,151,1
"152",309000,1389000,1e+06,2041.58,7192.49,1,3522.74716471135,0,93,5,2,0,0,0,0,152,1
"153",319000,1389000,998844.76,774.33,2770.63,0,1362.87963769957,0,98,1,1,0,0,0,0,153,1
"154",329000,1389000,999946.84,47.97,120.13,0,79.4554620049894,0,100,0,0,0,0,0,0,154,1
"155",339000,1389000,1e+06,1417.36,3544.36,0,2304.32084712572,0,94,2,4,0,0,0,0,155,1
"156",119000,1379000,998025.63,12.73,31.96,0,11.7618319336325,0,100,0,0,0,0,0,0,156,1
"157",129000,1379000,1e+06,7.68,19.26,0,7.08801259472967,0,100,0,0,0,0,0,0,157,1
"158",139000,1379000,1e+06,3.69,9.28,0,3.41520026326179,0,100,0,0,0,0,0,0,158,1
"159",149000,1379000,1e+06,4,10.02,0,3.68753307498992,0,100,0,0,0,0,0,0,159,1
"160",159000,1379000,1e+06,4.09,10.31,0,3.79425804689527,0,100,0,0,0,0,0,0,160,1
"161",169000,1379000,999388.49,3.09,7.74,0,2.84845361858606,0,100,0,0,0,0,0,0,161,1
"162",179000,1379000,999064.45,5.36,13.46,0,5.79981306381524,0,100,0,0,0,0,0,0,162,1
"163",189000,1379000,1e+06,1.43,3.59,0,1.63215634226799,0,100,0,0,0,0,0,0,163,1
"164",199000,1379000,1e+06,0.79,1.98,0,0.900186479091644,0,100,0,0,0,0,0,0,164,1
"165",209000,1379000,997818.12,541.06,1353.63,0,627.385117638856,0,97,3,0,0,0,0,0,165,1
"166",219000,1379000,1e+06,5375.11,13443.78,1,6513.2904679291,0,61,38,1,0,0,0,0,166,1
"167",229000,1379000,1e+06,15788.94,59012.99,13,28651.1702594161,0,41,44,5,8,0,2,0,167,1
"168",239000,1379000,1e+06,4853.49,12138.58,0,5865.79176669568,0,60,40,0,0,0,0,0,168,1
"169",249000,1379000,999486.91,3090.07,7729.55,1,3762.16279840842,0,72,28,0,0,0,0,0,169,1
"170",259000,1379000,997323.21,3371.27,8433.22,1,4053.10607246496,0,77,23,0,0,0,0,0,170,1
"171",269000,1379000,1e+06,2954.67,7392.05,1,3633.72952149715,0,82,18,0,0,0,0,0,171,1
"172",279000,1379000,1e+06,5482.28,13712.32,1,6740.60133967269,0,54,46,0,0,0,0,0,172,1
"173",289000,1379000,1e+06,16248.35,52321.75,13,25398.6882049376,0,36,50,8,4,0,0,2,173,1
"174",299000,1379000,1e+06,4115.44,10291.64,5,4959.74180771131,0,79,16,5,0,0,0,0,174,1
"175",309000,1379000,1e+06,753.27,1884.93,0,911.823004405945,0,94,6,0,0,0,0,0,175,1
"176",319000,1379000,998108.21,174.34,436.47,0,214.55670984555,0,100,0,0,0,0,0,0,176,1
"177",329000,1379000,999762.46,167.08,418.1,0,276.536492168903,0,98,2,0,0,0,0,0,177,1
"178",339000,1379000,1e+06,2173.09,6331.98,1,3648.96546556055,0,87,9,4,0,0,0,0,178,1
"179",349000,1379000,1e+06,918.99,2299.12,0,1520.66629050858,0,91,9,0,0,0,0,0,179,1
"180",119000,1369000,1e+06,6.68,16.78,0,6.1753298137337,0,100,0,0,0,0,0,0,180,1
"181",129000,1369000,1e+06,4.72,11.84,0,4.35732440836728,0,100,0,0,0,0,0,0,181,1
"182",139000,1369000,1e+06,1.19,3,0,1.10405178740621,0,100,0,0,0,0,0,0,182,1
"183",149000,1369000,1e+06,61.09,152.92,0,56.277200749144,0,100,0,0,0,0,0,0,183,1
"184",159000,1369000,1e+06,2.37,5.95,0,2.1897027362138,0,100,0,0,0,0,0,0,184,1
"185",169000,1369000,998982.22,3.23,8.1,0,2.98093988373876,0,100,0,0,0,0,0,0,185,1
"186",179000,1369000,999019.65,2.01,5.04,0,2.03584779798984,0,100,0,0,0,0,0,0,186,1
"187",189000,1369000,1e+06,2318.63,8738.68,1,3972.95044335723,0,97,1,2,0,0,0,0,187,1
"188",199000,1369000,1e+06,249.71,625.15,0,284.217979229987,0,100,0,0,0,0,0,0,188,1
"189",209000,1369000,998384.06,1404.48,3513.12,1,1597.20365419239,0,92,8,0,0,0,0,0,189,1
"190",219000,1369000,1e+06,8157.85,23319.6,3,11153.9704284966,0,49,49,2,0,0,0,0,190,1
"191",229000,1369000,1e+06,5722.82,14320.56,2,6970.17007475719,0,49,51,0,0,0,0,0,191,1
"192",239000,1369000,1e+06,4885.95,12218.87,2,5947.22567042336,0,61,38,1,0,0,0,0,192,1
"193",249000,1369000,997435.22,2452.13,6133.73,0,2956.10775957257,0,83,17,0,0,0,0,0,193,1
"194",259000,1369000,999964.02,1603.23,4012.01,0,1748.35450676363,0,97,3,0,0,0,0,0,194,1
"195",269000,1369000,1e+06,6353.51,22489.05,2,11055.0016259402,0,70,27,0,2,0,1,0,195,1
"196",279000,1369000,1e+06,12525.88,38048.46,11,18635.2631644653,0,38,54,5,1,2,0,0,196,1
"197",289000,1369000,999922.23,42149.23,230664.38,41,111554.093142819,0,45,32,3,5,2,0,13,197,1
"198",299000,1369000,998895.51,1750.9,4379.83,2,2143.53690832108,0,87,13,0,0,0,0,0,198,1
"199",309000,1369000,998638.23,126.92,317.76,0,150.352406794205,0,100,0,0,0,0,0,0,199,1
"200",319000,1369000,998401.71,2.4,6.02,0,3.98170214891434,0,100,0,0,0,0,0,0,200,1
"201",329000,1369000,1e+06,437.35,2001.93,0,1324.10114445165,0,99,0,1,0,0,0,0,201,1
"202",339000,1369000,1e+06,2101.93,6775.32,4,4360.22844583914,0,96,1,3,0,0,0,0,202,1
"203",349000,1369000,1e+06,431.36,1079.29,0,713.855703907088,0,98,2,0,0,0,0,0,203,1
"204",359000,1369000,1e+06,2538.18,6347.23,0,4120.78395133838,0,83,14,3,0,0,0,0,204,1
"205",99000,1359000,995909.25,4583.64,11695.15,6,6548.62615859136,0,84,12,4,0,0,0,0,205,1
"206",109000,1359000,995406.48,7.94,19.93,0,10.6506763678044,0,100,0,0,0,0,0,0,206,1
"207",119000,1359000,1e+06,4.72,11.89,0,4.37572538666427,0,100,0,0,0,0,0,0,207,1
"208",129000,1359000,1e+06,7.22,18.14,0,6.6758332606405,0,100,0,0,0,0,0,0,208,1
"209",139000,1359000,1e+06,3.06,7.67,0,2.8226924687624,0,100,0,0,0,0,0,0,209,1
"210",149000,1359000,1e+06,6.28,15.79,0,5.81099264882505,0,100,0,0,0,0,0,0,210,1
"211",159000,1359000,1e+06,1.21,3.04,0,1.11877248622477,0,100,0,0,0,0,0,0,211,1
"212",169000,1359000,999089.45,0,0,0,0,0,100,0,0,0,0,0,0,212,1
"213",179000,1359000,999760.85,78.38,354.83,0,161.319785729051,0,99,1,0,0,0,0,0,213,1
"214",189000,1359000,1e+06,1221.09,4261,2,1937.21957166493,0,97,2,1,0,0,0,0,214,1
"215",199000,1359000,1e+06,4232.07,12172.92,1,5534.29211448878,0,77,21,2,0,0,0,0,215,1
"216",209000,1359000,998339.02,1792.81,4484.8,0,2038.96791568398,0,90,10,0,0,0,0,0,216,1
"217",219000,1359000,999743.65,4617.39,11751.42,0,5410.28231712431,0,68,31,1,0,0,0,0,217,1
"218",229000,1359000,1e+06,5285.75,13219.24,0,6414.53771129623,0,55,45,0,0,0,0,0,218,1
"219",239000,1359000,999951.41,2699.48,6751.27,1,3151.9418127723,0,80,19,1,0,0,0,0,219,1
"220",249000,1359000,997814.93,1090.39,2728.53,0,1156.43617157079,0,98,2,0,0,0,0,0,220,1
"221",259000,1359000,1e+06,2322.19,5841.97,0,2442.39187763818,0,90,10,0,0,0,0,0,221,1
"222",269000,1359000,1e+06,8311.29,29340.05,7,14405.0883614477,0,56,37,3,3,0,1,0,222,1
"223",279000,1359000,1e+06,13142.34,35522.66,8,17256.1645818837,0,23,64,13,0,0,0,0,223,1
"224",289000,1359000,998952.63,5484.9,15721.23,3,7213.14944088179,0,72,25,3,0,0,0,0,224,1
"225",299000,1359000,998885.89,1211.57,3797.11,1,1835.71414823644,0,94,5,1,0,0,0,0,225,1
"226",309000,1359000,1e+06,2607.67,6576.57,3,3122.03190471139,0,88,10,2,0,0,0,0,226,1
"227",319000,1359000,998895.73,410.44,1026.36,0,498.144963455387,0,97,3,0,0,0,0,0,227,1
"228",329000,1359000,1e+06,732.53,1831.97,2,1211.09225146472,0,98,1,1,0,0,0,0,228,1
"229",339000,1359000,1e+06,2862.19,7156.93,1,4422.77818067558,0,87,8,5,0,0,0,0,229,1
"230",349000,1359000,1e+06,1839.1,4599.58,0,2872.68568023667,0,89,10,1,0,0,0,0,230,1
"231",359000,1359000,999485.3,1231.56,3080.99,0,1929.5712354295,0,90,10,0,0,0,0,0,231,1
"232",99000,1349000,999006.6,3398.61,8499.62,2,4739.74034486339,0,81,15,4,0,0,0,0,232,1
"233",109000,1349000,998876.16,898.33,2246.56,9,1257.60195294209,0,97,2,1,0,0,0,0,233,1
"234",119000,1349000,999878.88,3.48,8.73,0,3.21279074810445,0,100,0,0,0,0,0,0,234,1
"235",129000,1349000,1e+06,1.86,4.67,0,1.71864063292742,0,100,0,0,0,0,0,0,235,1
"236",139000,1349000,1e+06,3.76,9.42,0,3.46672266721725,0,100,0,0,0,0,0,0,236,1
"237",149000,1349000,1e+06,611.95,2478.13,0,911.994639737532,0,99,0,1,0,0,0,0,237,1
"238",159000,1349000,1e+06,3.47,8.71,0,3.20543038845062,0,100,0,0,0,0,0,0,238,1
"239",169000,1349000,1e+06,0.72,1.81,0,0.702901104465127,0,100,0,0,0,0,0,0,239,1
"240",179000,1349000,1e+06,173.87,435.29,0,197.900093965232,0,100,0,0,0,0,0,0,240,1
"241",189000,1349000,1e+06,6565.63,30842.99,4,13990.7443085536,0,88,6,0,3,0,3,0,241,1
"242",199000,1349000,1e+06,1436.08,3593.05,3,1633.54300546646,0,94,6,0,0,0,0,0,242,1
"243",209000,1349000,998560.6,1186.29,2970.51,0,1350.51163476706,0,95,5,0,0,0,0,0,243,1
"244",219000,1349000,1e+06,3160.13,9136.56,5,4153.84246765077,0,90,7,3,0,0,0,0,244,1
"245",229000,1349000,1e+06,2069.62,5176.92,1,2233.50624449737,0,88,12,0,0,0,0,0,245,1
"246",239000,1349000,999672.19,955.39,2390.12,1,996.507848059758,0,97,3,0,0,0,0,0,246,1
"247",249000,1349000,998944.87,670.98,1679.56,0,700.196631422266,0,99,1,0,0,0,0,0,247,1
"248",259000,1349000,1e+06,1575.97,3943.8,0,1644.14220373146,0,95,5,0,0,0,0,0,248,1
"249",269000,1349000,1e+06,7236.6,23792.07,6,10805.6251710523,0,74,20,6,0,0,0,0,249,1
"250",279000,1349000,1e+06,7286.63,18223.38,3,8057.10461235605,0,51,47,2,0,0,0,0,250,1
"251",289000,1349000,1e+06,3419.71,8553.03,1,3559.08552181162,0,79,21,0,0,0,0,0,251,1
"252",299000,1349000,1e+06,1996.09,4992.47,1,2063.13766127452,0,88,12,0,0,0,0,0,252,1
"253",309000,1349000,999729.1,978.53,3353.57,1,1423.00791097153,0,96,3,1,0,0,0,0,253,1
"254",319000,1349000,998315.95,379.59,949.51,0,471.921703898347,0,97,3,0,0,0,0,0,254,1
"255",329000,1349000,1e+06,2329.19,5824.61,1,3593.49280552566,0,84,14,2,0,0,0,0,255,1
"256",339000,1349000,1e+06,2024.8,5180.47,1,3408.00635656528,0,84,16,0,0,0,0,0,256,1
"257",349000,1349000,1e+06,3489.36,10740.33,4,7044.20657971502,0,86,9,5,0,0,0,0,257,1
"258",359000,1349000,999306.49,2230.76,8411.72,1,5554.35546064191,0,93,6,1,0,0,0,0,258,1
"259",369000,1349000,1e+06,10447.36,44564.27,1,29185.0107946824,0,80,13,0,2,0,5,0,259,1
"260",99000,1339000,1e+06,9708.16,30599.23,22,17131.1672401913,0,47,48,2,1,0,2,0,260,1
"261",109000,1339000,999996.98,6453.59,17844.79,11,9991.66817295551,0,73,13,12,1,0,1,0,261,1
"262",119000,1339000,1e+06,60.75,152.2,0,85.2199382968247,0,100,0,0,0,0,0,0,262,1
"263",129000,1339000,1e+06,0.49,1.23,0,0.452661246061325,0,100,0,0,0,0,0,0,263,1
"264",139000,1339000,1e+06,365.36,1107.37,1,407.531280506403,0,98,2,0,0,0,0,0,264,1
"265",149000,1339000,1e+06,3208.18,9682.99,2,3563.50752625055,0,91,5,4,0,0,0,0,265,1
"266",159000,1339000,1e+06,83.95,378.47,0,150.179420530796,0,99,1,0,0,0,0,0,266,1
"267",169000,1339000,1e+06,183.64,566.4,0,226.486956700683,0,99,1,0,0,0,0,0,267,1
"268",179000,1339000,1e+06,1579.33,6369.07,1,2553.74156485498,0,95,3,2,0,0,0,0,268,1
"269",189000,1339000,1e+06,3629.83,10298.75,3,4653.11819469929,0,83,15,2,0,0,0,0,269,1
"270",199000,1339000,999214.46,2320.21,5803.4,1,2632.03170098364,0,81,19,0,0,0,0,0,270,1
"271",209000,1339000,999275.86,14404.04,69170.38,17,31417.8276566863,0,69,22,0,4,0,5,0,271,1
"272",219000,1339000,1e+06,2642.57,6932.66,3,3151.86214406788,0,82,17,1,0,0,0,0,272,1
"273",229000,1339000,1e+06,445.88,1116.3,0,465.890144016594,0,100,0,0,0,0,0,0,273,1
"274",239000,1339000,1e+06,768.49,1922.74,0,801.576646583155,0,98,2,0,0,0,0,0,274,1
"275",249000,1339000,998458.41,670.3,1677.51,0,699.342004217207,0,97,3,0,0,0,0,0,275,1
"276",259000,1339000,1e+06,1145.75,2965.73,0,1236.39176934958,0,95,5,0,0,0,0,0,276,1
"277",269000,1339000,1e+06,9355.61,30955.19,10,12904.9987543467,0,66,27,4,1,0,2,0,277,1
"278",279000,1339000,1e+06,17064.09,68452.6,15,28525.0167181734,0,58,28,1,4,5,4,0,278,1
"279",289000,1339000,1e+06,3069.8,7677.7,0,3200.77858519368,0,71,29,0,0,0,0,0,279,1
"280",299000,1339000,1e+06,1390.27,3477.93,0,1449.92431055568,0,93,7,0,0,0,0,0,280,1
"281",309000,1339000,998627.19,66.83,167.31,0,69.7503510396928,0,100,0,0,0,0,0,0,281,1
"282",319000,1339000,998911.04,52.33,131.17,0,83.0120582152158,0,100,0,0,0,0,0,0,282,1
"283",329000,1339000,1e+06,1925,6087.81,0,4002.52343331091,0,88,10,2,0,0,0,0,283,1
"284",339000,1339000,1e+06,2786.06,10757.3,6,7114.24350095354,0,90,7,0,0,3,0,0,284,1
"285",349000,1339000,1e+06,2077.09,6167.65,0,3947.38810354471,0,91,5,4,0,0,0,0,285,1
"286",359000,1339000,1e+06,764.18,1911.81,0,1261.72998599708,0,93,7,0,0,0,0,0,286,1
"287",369000,1339000,999796.17,2309.62,5776.84,0,3695.37316929828,0,81,19,0,0,0,0,0,287,1
"288",89000,1329000,1e+06,6599.28,24078.72,15,13645.2340043522,0,80,13,2,4,0,1,0,288,1
"289",99000,1329000,1e+06,5465.58,13669.12,2,7653.62391258217,0,57,41,2,0,0,0,0,289,1
"290",109000,1329000,1e+06,6917.53,26919.25,8,15072.6466860082,0,67,28,1,2,0,2,0,290,1
"291",119000,1329000,999963.75,1715.9,4291.38,3,2402.83270090259,0,89,9,1,1,0,0,0,291,1
"292",129000,1329000,1e+06,3.71,9.33,0,3.72529437020421,0,100,0,0,0,0,0,0,292,1
"293",139000,1329000,1e+06,1649.97,5404.31,0,1988.87941405736,0,95,4,1,0,0,0,0,293,1
"294",149000,1329000,1e+06,390.67,977.23,0,371.965740630403,0,99,1,0,0,0,0,0,294,1
"295",159000,1329000,1e+06,169.78,425.22,0,211.737634407356,0,100,0,0,0,0,0,0,295,1
"296",169000,1329000,1e+06,1359.39,5660.81,1,2256.82610100135,0,95,3,2,0,0,0,0,296,1
"297",179000,1329000,1e+06,2336.03,6986.72,3,2785.4338839259,0,94,5,1,0,0,0,0,297,1
"298",189000,1329000,1e+06,1032.21,2691.69,0,1079.82424540631,0,98,2,0,0,0,0,0,298,1
"299",199000,1329000,998127.01,1388.73,3474.64,0,1514.9032019116,0,92,8,0,0,0,0,0,299,1
"300",209000,1329000,1e+06,10867.98,40322.48,12,18325.2514357492,0,69,23,5,3,0,0,0,300,1
"301",219000,1329000,1e+06,4222.03,17356.03,1,7890.73945097625,0,85,12,0,0,3,0,0,301,1
"302",229000,1329000,1e+06,408.14,1021.63,0,427.276723155752,0,100,0,0,0,0,0,0,302,1
"303",239000,1329000,1e+06,429.94,1075.95,1,448.555909767747,0,98,2,0,0,0,0,0,303,1
"304",249000,1329000,998942.5,764.54,1913.56,0,797.749570090324,0,97,3,0,0,0,0,0,304,1
"305",259000,1329000,1e+06,2806.68,8143.22,1,3394.85055545904,0,85,14,1,0,0,0,0,305,1
"306",269000,1329000,1e+06,10025.67,36610.55,2,15262.6781567466,0,61,32,4,1,0,2,0,306,1
"307",279000,1329000,1e+06,4492.95,12078.64,0,5035.49919086136,0,77,21,2,0,0,0,0,307,1
"308",289000,1329000,1e+06,3523.62,8813.01,0,3674.081256859,0,80,20,0,0,0,0,0,308,1
"309",299000,1329000,999704.59,3003.58,9499.55,1,3908.44593005627,0,91,8,1,0,0,0,0,309,1
"310",309000,1329000,999291.02,224.54,561.97,0,234.281299769878,0,100,0,0,0,0,0,0,310,1
"311",319000,1329000,998658.29,111.97,280.26,0,121.245093476027,0,100,0,0,0,0,0,0,311,1
"312",329000,1329000,1e+06,106.11,265.81,0,175.810009898618,0,100,0,0,0,0,0,0,312,1
"313",339000,1329000,1e+06,2799.51,8309.68,2,5432.68204130419,0,84,14,2,0,0,0,0,313,1
"314",349000,1329000,1e+06,1675.13,6218.34,1,4112.27153759077,0,91,7,2,0,0,0,0,314,1
"315",359000,1329000,1e+06,4209.18,13245.8,1,8577.20815617032,0,86,11,0,1,0,2,0,315,1
"316",369000,1329000,999513.8,522.82,1308.42,0,857.240104166791,0,95,5,0,0,0,0,0,316,1
"317",89000,1319000,1e+06,2244.99,5615.15,0,3179.48396863602,0,84,14,2,0,0,0,0,317,1
"318",99000,1319000,1e+06,4400.36,11962.76,3,6698.19753111527,0,70,28,2,0,0,0,0,318,1
"319",109000,1319000,999862.16,14764.5,65669.95,38,36769.967610538,0,65,23,3,5,0,4,0,319,1
"320",119000,1319000,999699.79,4343.42,12385.66,2,6145.40306477807,0,79,18,3,0,0,0,0,320,1
"321",129000,1319000,1e+06,2657.74,7639.52,0,2811.47527932376,0,89,10,1,0,0,0,0,321,1
"322",139000,1319000,1e+06,3312.9,8332.76,4,3068.92140259035,0,83,16,1,0,0,0,0,322,1
"323",149000,1319000,1e+06,1069.97,2675.87,0,2738.8467961736,0,91,8,1,0,0,0,0,323,1
"324",159000,1319000,1e+06,881.8,2505.82,1,2856.08887398429,0,97,2,1,0,0,0,0,324,1
"325",169000,1319000,1e+06,1288.79,4490.14,1,1790.10868006199,0,98,1,1,0,0,0,0,325,1
"326",179000,1319000,1e+06,2150.67,6153.69,2,2453.32525036484,0,91,6,3,0,0,0,0,326,1
"327",189000,1319000,1e+06,3433.58,10947,3,4385.10957159102,0,86,13,1,0,0,0,0,327,1
"328",199000,1319000,998470.16,2505.02,8095.42,1,3675.54553423636,0,86,12,2,0,0,0,0,328,1
"329",209000,1319000,1e+06,3908.09,9908.41,11,4504.75608946383,0,78,21,1,0,0,0,0,329,1
"330",219000,1319000,1e+06,851.22,2129.8,0,968.291535355151,0,96,4,0,0,0,0,0,330,1
"331",229000,1319000,1e+06,97.85,245.13,0,103.719434080645,0,100,0,0,0,0,0,0,331,1
"332",239000,1319000,999827.91,138.8,347.59,0,144.907802032307,0,100,0,0,0,0,0,0,332,1
"333",249000,1319000,998674.72,579.98,1451.95,0,605.307638933882,0,97,3,0,0,0,0,0,333,1
"334",259000,1319000,1e+06,3466.44,8726.47,0,3638.0033488851,0,77,23,0,0,0,0,0,334,1
"335",269000,1319000,1e+06,11252.53,38217.32,1,15932.5292061921,0,62,29,9,0,0,0,0,335,1
"336",279000,1319000,1e+06,13703.75,51969.12,1,21665.5569209773,0,69,20,1,2,4,4,0,336,1
"337",289000,1319000,1e+06,1167.35,2920.99,0,1217.73997477442,0,94,6,0,0,0,0,0,337,1
"338",299000,1319000,998493.2,746.76,1941.97,0,809.593496397138,0,99,0,1,0,0,0,0,338,1
"339",309000,1319000,1e+06,1261.67,3155.28,0,1315.41380992904,0,92,8,0,0,0,0,0,339,1
"340",319000,1319000,999099.72,98.19,245.71,0,112.728063000366,0,100,0,0,0,0,0,0,340,1
"341",329000,1319000,1e+06,502.37,1256.43,0,804.105413231999,0,97,3,0,0,0,0,0,341,1
"342",339000,1319000,1e+06,243.41,609.02,0,402.813330465928,0,98,2,0,0,0,0,0,342,1
"343",349000,1319000,1e+06,418.41,1172.27,0,775.353817420081,0,96,4,0,0,0,0,0,343,1
"344",359000,1319000,1e+06,1244.1,4329.21,0,2756.75994521193,0,92,6,2,0,0,0,0,344,1
"345",369000,1319000,1e+06,1117.24,2794.43,0,1735.1027823519,0,88,12,0,0,0,0,0,345,1
"346",89000,1309000,1e+06,2300.66,5754.65,0,3664.14362357371,0,79,20,1,0,0,0,0,346,1
"347",99000,1309000,1e+06,6347.19,15871.91,6,9443.90048215725,0,60,35,5,0,0,0,0,347,1
"348",109000,1309000,1e+06,5707.32,14271.9,1,6968.52152510919,0,59,39,2,0,0,0,0,348,1
"349",119000,1309000,996016.96,1762.06,4802.98,0,1847.61292826757,0,91,9,0,0,0,0,0,349,1
"350",129000,1309000,1e+06,28872.21,166376.76,60,61216.4699131883,0,61,21,5,2,0,0,11,350,1
"351",139000,1309000,1e+06,4407.36,11020.31,0,10806.0355034899,0,66,26,8,0,0,0,0,351,1
"352",149000,1309000,1e+06,821.28,2054.86,0,2867.28872580081,0,84,16,0,0,0,0,0,352,1
"353",159000,1309000,1e+06,1481.17,5206.41,0,7232.57217404246,0,95,0,0,0,5,0,0,353,1
"354",169000,1309000,1e+06,2392.01,10305.91,1,4108.71354339458,0,94,4,0,1,0,1,0,354,1
"355",179000,1309000,1e+06,4105.83,12147.1,3,4843.43638642877,0,84,10,6,0,0,0,0,355,1
"356",189000,1309000,1e+06,1144.29,3085.33,0,1365.06904433109,0,92,8,0,0,0,0,0,356,1
"357",199000,1309000,998895.67,2547.42,10683.09,5,4856.95633749664,0,95,2,3,0,0,0,0,357,1
"358",209000,1309000,999282.66,2669.84,9122.46,3,4147.43203566969,0,91,7,2,0,0,0,0,358,1
"359",219000,1309000,1e+06,174.95,437.98,0,199.123074017465,0,100,0,0,0,0,0,0,359,1
"360",229000,1309000,999989.34,56.39,141.22,0,60.0633928962052,0,100,0,0,0,0,0,0,360,1
"361",239000,1309000,998571.12,163.28,409.08,0,182.181250035763,0,100,0,0,0,0,0,0,361,1
"362",249000,1309000,998331.54,1737.64,7461.79,0,3123.29677381739,0,98,1,1,0,0,0,0,362,1
"363",259000,1309000,1e+06,2330.76,5830.44,0,2430.66901821457,0,89,11,0,0,0,0,0,363,1
"364",269000,1309000,1e+06,7004.17,19782.6,1,8250.06935615372,0,63,33,4,0,0,0,0,364,1
"365",279000,1309000,1e+06,3708.16,9274.64,0,3887.15900519956,0,78,21,1,0,0,0,0,365,1
"366",289000,1309000,1e+06,364.76,913.21,0,380.710762735456,0,100,0,0,0,0,0,0,366,1
"367",299000,1309000,998395.53,33.44,83.81,0,34.9397938512266,0,100,0,0,0,0,0,0,367,1
"368",309000,1309000,1e+06,3.49,8.76,0,3.65198181942105,0,100,0,0,0,0,0,0,368,1
"369",319000,1309000,1e+06,11.5,28.82,0,19.0619030930102,0,100,0,0,0,0,0,0,369,1
"370",329000,1309000,1e+06,1736.57,5433.78,2,3589.74172741361,0,95,1,4,0,0,0,0,370,1
"371",339000,1309000,1e+06,1.08,2.71,0,1.89091181755066,0,100,0,0,0,0,0,0,371,1
"372",349000,1309000,1e+06,5.84,14.68,0,10.2345048040152,0,100,0,0,0,0,0,0,372,1
"373",359000,1309000,1e+06,899.01,2248.2,0,1651.66482338682,0,92,8,0,0,0,0,0,373,1
"374",369000,1309000,1e+06,1252.39,3132.9,0,2194.388014514,0,85,15,0,0,0,0,0,374,1
"375",379000,1309000,999967.8,2632.88,8924.78,2,6360.46301960572,0,89,8,0,0,3,0,0,375,1
"376",89000,1299000,1e+06,2707.61,6906.49,0,4397.71589516849,0,74,24,2,0,0,0,0,376,1
"377",99000,1299000,1e+06,10784.02,30281.62,2,19276.7107096985,0,43,47,4,4,0,2,0,377,1
"378",109000,1299000,1e+06,8887.3,22223.31,19,10002.9067854863,0,44,52,4,0,0,0,0,378,1
"379",119000,1299000,1e+06,7303.62,18263.58,8,7485.67307847925,0,69,26,5,0,0,0,0,379,1
"380",129000,1299000,999973.83,5137.07,13828.46,2,16113.771279918,0,77,15,3,0,5,0,0,380,1
"381",139000,1299000,1e+06,8675.89,38396.43,15,53577.2022854611,0,65,20,5,5,0,5,0,381,1
"382",149000,1299000,999998.99,2048.23,5122.03,0,7147.12372304499,0,87,7,5,0,1,0,0,382,1
"383",159000,1299000,1e+06,1733.46,4334.72,3,6048.53553714604,0,87,8,3,0,2,0,0,383,1
"384",169000,1299000,1e+06,5335.36,21506.79,6,8617.54598684237,0,82,13,0,4,0,1,0,384,1
"385",179000,1299000,1e+06,1009.61,2700.17,0,1102.47404000163,0,94,6,0,0,0,0,0,385,1
"386",189000,1299000,999958.32,291.39,729.25,0,312.109047209844,0,100,0,0,0,0,0,0,386,1
"387",199000,1299000,998043.96,753.59,1885.33,0,833.799803888425,0,97,3,0,0,0,0,0,387,1
"388",209000,1299000,999771.2,716.89,1793.48,2,826.639362182468,0,95,5,0,0,0,0,0,388,1
"389",219000,1299000,1e+06,87.4,218.8,0,102.403919138014,0,100,0,0,0,0,0,0,389,1
"390",229000,1299000,998921.61,43.15,108.1,0,59.3934746012092,0,100,0,0,0,0,0,0,390,1
"391",239000,1299000,1e+06,239.98,601.61,0,328.42251179181,0,100,0,0,0,0,0,0,391,1
"392",249000,1299000,998720.56,5653.88,22581.84,5,12394.0286352178,0,88,8,0,3,0,1,0,392,1
"393",259000,1299000,999844.08,2290.89,6649.27,3,2919.94603755698,0,87,12,1,0,0,0,0,393,1
"394",269000,1299000,1e+06,7877.41,29509.73,10,12971.8274252927,0,75,20,0,3,0,2,0,394,1
"395",279000,1299000,1e+06,3718.27,9299.04,0,4101.17171765398,0,75,25,0,0,0,0,0,395,1
"396",289000,1299000,999735.28,406.9,1018.23,0,446.158095983788,0,97,3,0,0,0,0,0,396,1
"397",299000,1299000,999679.87,2,5.04,0,2.19967453554272,0,100,0,0,0,0,0,0,397,1
"398",309000,1299000,1e+06,10.02,25.12,0,18.1476861871779,0,100,0,0,0,0,0,0,398,1
"399",319000,1299000,1e+06,117.76,295.19,0,219.582970391959,0,100,0,0,0,0,0,0,399,1
"400",329000,1299000,1e+06,11.43,28.68,0,21.3629769235849,0,100,0,0,0,0,0,0,400,1
"401",339000,1299000,1e+06,50.32,125.95,0,93.8168375566602,0,99,1,0,0,0,0,0,401,1
"402",349000,1299000,1e+06,394.28,986.03,1,715.853396885097,0,98,2,0,0,0,0,0,402,1
"403",359000,1299000,1e+06,1328.61,3322.63,1,2474.93960491568,0,88,10,2,0,0,0,0,403,1
"404",369000,1299000,1e+06,3416.64,9659.01,2,7101.38717256859,0,82,14,4,0,0,0,0,404,1
"405",89000,1289000,1e+06,6390.34,15980.91,6,10175.8638589904,0,52,42,6,0,0,0,0,405,1
"406",99000,1289000,1e+06,11343.95,38369.46,11,23635.4797320906,0,41,50,5,1,0,3,0,406,1
"407",109000,1289000,1e+06,7971.27,19934.91,5,10623.1221240219,0,38,59,3,0,0,0,0,407,1
"408",119000,1289000,1e+06,2852.25,7132.8,3,4487.7645750232,0,74,22,4,0,0,0,0,408,1
"409",129000,1289000,1e+06,6228.2,18537.85,3,16622.0010152864,0,75,14,7,3,0,1,0,409,1
"410",139000,1289000,999996.99,5638.89,14110.13,11,14625.0367360618,0,62,29,8,0,0,1,0,410,1
"411",149000,1289000,1e+06,4548.28,12728.38,6,13344.5966042043,0,86,10,0,1,0,3,0,411,1
"412",159000,1289000,1e+06,2794.96,6988.86,4,5594.54642047593,0,89,8,3,0,0,0,0,412,1
"413",169000,1289000,1e+06,4727.58,17343,8,6914.22871547378,0,80,15,5,0,0,0,0,413,1
"414",179000,1289000,1e+06,1789.6,4475.54,2,1784.28801753931,0,92,8,0,0,0,0,0,414,1
"415",189000,1289000,998630.44,812.87,2033.03,2,857.647901309654,0,95,5,0,0,0,0,0,415,1
"416",199000,1289000,999920.73,4142.14,13686.75,6,6406.03772465885,0,82,15,3,0,0,0,0,416,1
"417",209000,1289000,1e+06,192.76,482.43,0,225.799754789099,0,100,0,0,0,0,0,0,417,1
"418",219000,1289000,999434.49,15.66,39.25,0,20.3193657230586,0,100,0,0,0,0,0,0,418,1
"419",229000,1289000,998623.98,159.13,398.75,0,219.894649654627,0,100,0,0,0,0,0,0,419,1
"420",239000,1289000,1e+06,7809.15,39684.2,9,21884.2464314699,0,91,4,0,0,0,5,0,420,1
"421",249000,1289000,999636.33,2232.62,6578.92,1,3571.69177977275,0,88,10,1,1,0,0,0,421,1
"422",259000,1289000,1e+06,3897.64,9748.33,3,4299.4372916799,0,79,17,4,0,0,0,0,422,1
"423",269000,1289000,1e+06,3315.98,8319.85,6,3669.41552492976,0,79,21,0,0,0,0,0,423,1
"424",279000,1289000,1e+06,2975.51,7441.27,2,3029.17477316223,0,82,17,1,0,0,0,0,424,1
"425",289000,1289000,1e+06,430.88,1078.01,0,465.816882449202,0,98,2,0,0,0,0,0,425,1
"426",299000,1289000,1e+06,3736.76,10367.51,6,6443.61403850467,0,79,17,4,0,0,0,0,426,1
"427",309000,1289000,1e+06,1586.78,3968.97,0,2665.10974282026,0,93,5,2,0,0,0,0,427,1
"428",319000,1289000,1e+06,8505.62,21269.87,0,14907.1492894404,0,46,42,12,0,0,0,0,428,1
"429",329000,1289000,1e+06,2652.23,6632.45,1,4940.33738505095,0,86,10,4,0,0,0,0,429,1
"430",339000,1289000,1e+06,72.1,180.69,0,134.591224063188,0,100,0,0,0,0,0,0,430,1
"431",349000,1289000,1e+06,2473.5,6185.41,1,4546.23959539458,0,78,18,4,0,0,0,0,431,1
"432",89000,1279000,1e+06,4457.52,11149.3,9,7099.19254528731,0,57,42,1,0,0,0,0,432,1
"433",99000,1279000,1e+06,6051.92,15136.29,6,8019.39493546635,0,49,50,1,0,0,0,0,433,1
"434",109000,1279000,1e+06,12172.25,33535.84,15,17075.4468837623,0,20,71,3,0,6,0,0,434,1
"435",119000,1279000,999630.8,734.89,1838.15,0,853.65215962613,0,97,3,0,0,0,0,0,435,1
"436",129000,1279000,1e+06,5897.49,14747.14,2,3510.58939957107,0,77,23,0,0,0,0,0,436,1
"437",139000,1279000,1e+06,8972.08,23953.67,15,5698.59637329634,0,69,26,2,3,0,0,0,437,1
"438",149000,1279000,999444.2,1731.53,5733.89,1,1415.04236316355,0,96,3,1,0,0,0,0,438,1
"439",159000,1279000,1e+06,8306.08,30860.95,11,9300.77255139361,0,85,6,9,0,0,0,0,439,1
"440",169000,1279000,999441.3,9668.53,47421.49,12,18905.7849057969,0,80,12,0,1,3,4,0,440,1
"441",179000,1279000,999010.62,4062.83,17881.59,5,7128.95134817249,0,91,7,0,0,2,0,0,441,1
"442",189000,1279000,998000.83,2213.94,7654.23,1,3577.04054114967,0,90,7,3,0,0,0,0,442,1
"443",199000,1279000,1e+06,3398.55,9850.82,0,4610.64347192831,0,80,19,1,0,0,0,0,443,1
"444",209000,1279000,1e+06,921.97,2306.1,0,1079.36241077818,0,94,6,0,0,0,0,0,444,1
"445",219000,1279000,1e+06,929.94,2333.07,1,1185.32091823965,0,94,5,0,0,1,0,0,445,1
"446",229000,1279000,1e+06,2874.58,10487.48,6,5783.42505783588,0,96,1,0,0,3,0,0,446,1
"447",239000,1279000,1e+06,15037.5,68023.92,29,37439.701484695,0,69,20,0,6,0,5,0,447,1
"448",249000,1279000,1e+06,1515.68,4729.25,0,2440.53097544611,0,95,4,1,0,0,0,0,448,1
"449",259000,1279000,1e+06,1782.02,4458.18,1,1966.25118237641,0,91,9,0,0,0,0,0,449,1
"450",269000,1279000,1e+06,12428.3,52855.95,12,23227.6426447816,0,78,14,1,3,0,4,0,450,1
"451",279000,1279000,1e+06,2786.29,9059.56,2,3854.36271085497,0,88,9,3,0,0,0,0,451,1
"452",289000,1279000,1e+06,3620.63,9054.24,2,3687.70119082183,0,76,22,2,0,0,0,0,452,1
"453",299000,1279000,1e+06,2213,5534.46,0,3145.16617177241,0,86,12,2,0,0,0,0,453,1
"454",309000,1279000,999107.79,6381.12,20528.93,2,15186.3353746235,0,63,33,2,1,0,1,0,454,1
"455",319000,1279000,1e+06,8610.47,24337.87,9,17938.7627922893,0,42,46,12,0,0,0,0,455,1
"456",329000,1279000,1e+06,4103.64,11742.65,4,8673.86020885035,0,73,22,5,0,0,0,0,456,1
"457",339000,1279000,1e+06,2002.91,6126.47,3,4561.63615416735,0,92,6,1,0,1,0,0,457,1
"458",349000,1279000,1e+06,2661.99,8486.99,5,5959.65973275155,0,84,13,1,0,2,0,0,458,1
"459",99000,1269000,999545.37,6673.95,16691.65,14,8525.50502628367,0,48,49,3,0,0,0,0,459,1
"460",109000,1269000,998282.63,5923.05,14814.83,15,7543.26841796003,0,44,56,0,0,0,0,0,460,1
"461",119000,1269000,999592.83,3219.5,8051.09,2,3255.65766768064,0,83,17,0,0,0,0,0,461,1
"462",129000,1269000,1e+06,4608.9,11525.16,1,2743.58991174353,0,83,17,0,0,0,0,0,462,1
"463",139000,1269000,997936.21,49800.9,338654.13,51,80256.5227843686,0,60,9,0,15,0,0,16,463,1
"464",149000,1269000,999377.34,7884.4,26565.13,18,6349.8111377717,0,77,17,6,0,0,0,0,464,1
"465",159000,1269000,1e+06,2393.46,7036.75,6,2804.8608094845,0,92,7,1,0,0,0,0,465,1
"466",169000,1269000,1e+06,8956.64,29429.34,13,11728.876906015,0,73,20,5,1,0,1,0,466,1
"467",179000,1269000,998665.23,2140.36,7286.4,2,2924.37450235896,0,90,8,2,0,0,0,0,467,1
"468",189000,1269000,999980.86,1194.44,2988.02,2,1398.53280186467,0,95,5,0,0,0,0,0,468,1
"469",199000,1269000,1e+06,7740.04,25104.95,7,11750.2881332971,0,70,20,3,7,0,0,0,469,1
"470",209000,1269000,1e+06,3268.54,10145.55,2,4748.59086637758,0,87,10,3,0,0,0,0,470,1
"471",219000,1269000,1e+06,1734.72,4338.61,2,2040.70572282933,0,92,6,2,0,0,0,0,471,1
"472",229000,1269000,1e+06,760.03,1902.04,0,1048.8988602832,0,94,6,0,0,0,0,0,472,1
"473",239000,1269000,1e+06,4605.91,15402.78,3,8483.45565573872,0,80,12,7,1,0,0,0,473,1
"474",249000,1269000,1e+06,623.24,1560.08,0,713.386008340866,0,98,2,0,0,0,0,0,474,1
"475",259000,1269000,1e+06,471.33,1180.36,0,520.590071672574,0,99,1,0,0,0,0,0,475,1
"476",269000,1269000,1e+06,3684.53,12338.34,4,5414.23642686662,0,85,13,2,0,0,0,0,476,1
"477",279000,1269000,1e+06,2616.86,6545.43,2,2713.65668232366,0,87,11,2,0,0,0,0,477,1
"478",289000,1269000,1e+06,4786.36,15017.18,3,6361.98151005153,0,80,17,3,0,0,0,0,478,1
"479",299000,1269000,1e+06,878.94,2199.1,0,1001.25331977941,0,94,6,0,0,0,0,0,479,1
"480",309000,1269000,999030.38,5837.2,14622.28,1,10891.7513763607,0,71,20,9,0,0,0,0,480,1
"481",319000,1269000,999419.92,8107.39,24818.08,6,18279.3488113135,0,64,19,17,0,0,0,0,481,1
"482",329000,1269000,1e+06,4265.02,11649.72,2,8603.78991947696,0,75,17,7,1,0,0,0,482,1
"483",339000,1269000,1e+06,8643.06,32733.79,13,24315.8944849819,0,76,11,4,6,0,3,0,483,1
"484",349000,1269000,1e+06,1878.48,4697.87,1,3487.86351301521,0,86,13,1,0,0,0,0,484,1
"485",109000,1259000,999835.96,18184.9,60349.92,34,30297.0919903247,0,13,74,2,6,0,5,0,485,1
"486",119000,1259000,1e+06,4075.14,10190.88,6,4623.21994464798,0,69,30,1,0,0,0,0,486,1
"487",129000,1259000,1e+06,3070.04,7677.66,0,2388.47234590444,0,84,16,0,0,0,0,0,487,1
"488",139000,1259000,998160.24,10583.75,31665.63,14,7533.0100921467,0,73,24,0,3,0,0,0,488,1
"489",149000,1259000,1e+06,5341.47,20269.07,4,4825.0970836617,0,88,8,4,0,0,0,0,489,1
"490",159000,1259000,999960.23,3438.24,10560.26,6,4142.15372473654,0,87,11,2,0,0,0,0,490,1
"491",169000,1259000,1e+06,4424.98,20763.68,5,8277.96992470697,0,84,13,0,1,0,2,0,491,1
"492",179000,1259000,998888.17,812.84,2033.77,1,818.859887996688,0,96,4,0,0,0,0,0,492,1
"493",189000,1259000,1e+06,871.34,2179.84,0,1020.26684296317,0,94,6,0,0,0,0,0,493,1
"494",199000,1259000,1e+06,16828,78938.64,15,36946.9672718626,0,70,19,1,5,0,5,0,494,1
"495",209000,1259000,1e+06,7707.84,25899.42,10,12122.1371395551,0,73,20,7,0,0,0,0,495,1
"496",219000,1259000,1e+06,482.91,1208.38,1,565.578233722597,0,99,1,0,0,0,0,0,496,1
"497",229000,1259000,1e+06,1062.27,2656.95,0,1464.24640148319,0,95,3,2,0,0,0,0,497,1
"498",239000,1259000,1e+06,10220.53,35308.72,10,19471.3444944844,0,63,24,4,6,0,3,0,498,1
"499",249000,1259000,1e+06,409.63,1025.43,0,466.979928028769,0,98,2,0,0,0,0,0,499,1
"500",259000,1259000,1e+06,6547.38,21024.93,5,9272.90816196241,0,78,18,2,2,0,0,0,500,1
"501",269000,1259000,1e+06,15654.6,70011.83,15,30878.2605676996,0,69,19,3,4,0,5,0,501,1
"502",279000,1259000,1e+06,3290.1,8228.83,2,3626.98713092879,0,85,12,3,0,0,0,0,502,1
"503",289000,1259000,1e+06,9894.45,32082.74,11,13971.2099617198,0,72,22,1,2,0,3,0,503,1
"504",299000,1259000,1e+06,1261.38,3155.59,0,1286.52034289576,0,92,8,0,0,0,0,0,504,1
"505",309000,1259000,998958.97,10993.28,38693.32,12,28821.635188099,0,60,21,13,4,0,2,0,505,1
"506",319000,1259000,1e+06,7954.49,20114.93,5,14983.0817138217,0,56,26,18,0,0,0,0,506,1
"507",329000,1259000,1e+06,5951.04,14880.12,4,11020.7336692661,0,71,17,12,0,0,0,0,507,1
"508",339000,1259000,1e+06,3407.89,8522.12,2,6071.83577787969,0,76,17,7,0,0,0,0,508,1
"509",349000,1259000,1e+06,2023.81,5061.43,0,3667.39429851994,0,77,22,1,0,0,0,0,509,1
"510",129000,1249000,997505.65,1807.13,4519.61,0,1765.36408289149,0,94,6,0,0,0,0,0,510,1
"511",139000,1249000,997525.72,9841.94,26896.18,10,6463.89747691714,0,75,20,5,0,0,0,0,511,1
"512",149000,1249000,999959.32,4534.69,11339.13,4,2718.21041771676,0,85,15,0,0,0,0,0,512,1
"513",159000,1249000,998950.17,3880.73,10483.88,7,4018.96865979023,0,80,18,2,0,0,0,0,513,1
"514",169000,1249000,999433.32,1287.84,3221.27,2,1284.24133880064,0,97,3,0,0,0,0,0,514,1
"515",179000,1249000,998957.07,1410.59,3528.43,1,1532.23330284841,0,92,8,0,0,0,0,0,515,1
"516",189000,1249000,1e+06,2335.67,5840.61,4,2733.67802630551,0,87,13,0,0,0,0,0,516,1
"517",199000,1249000,1e+06,1539.66,3850.53,2,1802.22772962972,0,92,8,0,0,0,0,0,517,1
"518",209000,1249000,1e+06,3780.33,11562.89,5,5413.74798135832,0,82,14,4,0,0,0,0,518,1
"519",219000,1249000,1e+06,939.43,2349.57,1,1105.31044410542,0,96,4,0,0,0,0,0,519,1
"520",229000,1249000,1e+06,1557.09,6776.04,0,3736.65872338787,0,96,3,1,0,0,0,0,520,1
"521",239000,1249000,1e+06,6162.11,19519.38,4,10764.1560502872,0,74,18,2,0,6,0,0,521,1
"522",249000,1249000,1e+06,3010.32,11602.24,0,6174.80022985209,0,92,4,4,0,0,0,0,522,1
"523",259000,1249000,1e+06,4755.58,12947.21,2,5710.28244614509,0,73,24,3,0,0,0,0,523,1
"524",269000,1249000,1e+06,1243.26,3231.67,0,1425.30694796797,0,93,7,0,0,0,0,0,524,1
"525",279000,1249000,1e+06,2611.31,6531.62,1,2714.70342150238,0,82,18,0,0,0,0,0,525,1
"526",289000,1249000,1e+06,1980.3,4952.47,2,2031.30059767048,0,90,9,1,0,0,0,0,526,1
"527",299000,1249000,1e+06,6174.92,15441.15,4,6329.09666246269,0,73,25,2,0,0,0,0,527,1
"528",309000,1249000,999157.32,7849.64,20569.34,5,13139.7745515294,0,54,31,15,0,0,0,0,528,1
"529",319000,1249000,1e+06,11744.71,33650.22,9,17305.2773419246,0,51,38,11,0,0,0,0,529,1
"530",329000,1249000,1e+06,4729.07,11825.29,2,5938.87690368667,0,77,19,4,0,0,0,0,530,1
"531",339000,1249000,1e+06,3412.66,8533.59,4,3494.1535168495,0,81,17,2,0,0,0,0,531,1
"532",349000,1249000,999719.97,1087.27,2719.05,0,1140.82408661488,0,93,7,0,0,0,0,0,532,1
"533",359000,1249000,999393.6,1067.22,2669.04,0,1873.12897961773,0,90,10,0,0,0,0,0,533,1
"534",139000,1239000,998464.07,4800.59,12037.35,8,4891.34679043479,0,72,28,0,0,0,0,0,534,1
"535",149000,1239000,998395.68,10540.18,36941.61,16,15699.6266266918,0,65,21,7,0,7,0,0,535,1
"536",159000,1239000,1e+06,3711.79,9638.61,4,3842.67737480998,0,70,30,0,0,0,0,0,536,1
"537",169000,1239000,1e+06,7121.32,20228.61,7,8353.27371873055,0,63,31,6,0,0,0,0,537,1
"538",179000,1239000,999858.59,2198.56,6445.08,3,2480.0949678272,0,92,5,3,0,0,0,0,538,1
"539",189000,1239000,1e+06,1706.01,4266.91,1,1578.71892742626,0,89,11,0,0,0,0,0,539,1
"540",199000,1239000,1e+06,974.95,3333.23,2,1154.44868039154,0,95,4,1,0,0,0,0,540,1
"541",209000,1239000,1e+06,1124.08,2888.43,1,1138.82242518663,0,96,3,1,0,0,0,0,541,1
"542",219000,1239000,1e+06,29.2,73.23,0,40.3834109902382,0,100,0,0,0,0,0,0,542,1
"543",229000,1239000,999634.67,96.29,242.92,0,133.960647717118,0,100,0,0,0,0,0,0,543,1
"544",239000,1239000,998810.5,106.38,266.67,0,146.969820808619,0,100,0,0,0,0,0,0,544,1
"545",249000,1239000,1e+06,1721.22,5606.94,5,3005.55357566103,0,95,3,2,0,0,0,0,545,1
"546",259000,1239000,1e+06,6739.82,26870.28,5,11851.7631858988,0,85,9,2,1,0,3,0,546,1
"547",269000,1239000,1e+06,1056.18,2642.47,0,1165.44414184056,0,93,7,0,0,0,0,0,547,1
"548",279000,1239000,1e+06,3011.32,10236.17,2,4459.91901307739,0,87,9,4,0,0,0,0,548,1
"549",289000,1239000,1e+06,4263.84,12004.25,1,4920.01180960424,0,79,19,2,0,0,0,0,549,1
"550",299000,1239000,1e+06,3813.1,9535.49,0,3908.016994223,0,81,18,1,0,0,0,0,550,1
"551",309000,1239000,1e+06,5845.54,16156.04,2,6619.27505630628,0,67,31,2,0,0,0,0,551,1
"552",319000,1239000,1e+06,4646.68,11620.27,4,4762.44144197088,0,76,23,1,0,0,0,0,552,1
"553",329000,1239000,1e+06,4495.97,12634.49,6,5178.10849555768,0,75,22,3,0,0,0,0,553,1
"554",339000,1239000,999399.49,7198.69,22739.73,5,9319.63136849646,0,72,22,6,0,0,0,0,554,1
"555",349000,1239000,998474.37,2211.81,5531.23,1,2266.91454285476,0,88,12,0,0,0,0,0,555,1
"556",139000,1229000,999415.79,9517.36,23799.06,8,11383.3843404306,0,34,63,3,0,0,0,0,556,1
"557",149000,1229000,1e+06,9439.44,29272.27,15,13027.0498542692,0,46,49,3,0,2,0,0,557,1
"558",159000,1229000,1e+06,5962.62,17083.53,5,7447.48934486695,0,64,31,5,0,0,0,0,558,1
"559",169000,1229000,1e+06,3556.02,8893.04,2,4078.89725712035,0,72,28,0,0,0,0,0,559,1
"560",179000,1229000,1e+06,2336.65,5843.85,1,2001.00572781078,0,88,12,0,0,0,0,0,560,1
"561",189000,1229000,1e+06,2968.71,8664.19,4,2966.72465471924,0,89,10,1,0,0,0,0,561,1
"562",199000,1229000,1e+06,1540.79,5006.7,1,1714.35532582737,0,95,4,1,0,0,0,0,562,1
"563",209000,1229000,1e+06,60.51,151.6,0,60.7265255581588,0,100,0,0,0,0,0,0,563,1
"564",219000,1229000,1e+06,0.49,1.23,0,0.6464604139328,0,100,0,0,0,0,0,0,564,1
"565",229000,1229000,1e+06,409.34,1024.14,0,549.114390794188,0,97,3,0,0,0,0,0,565,1
"566",239000,1229000,998798.55,427.71,1070.19,0,569.590176083147,0,98,2,0,0,0,0,0,566,1
"567",249000,1229000,1e+06,1421.53,4400.01,1,2311.22281095106,0,93,6,1,0,0,0,0,567,1
"568",259000,1229000,1e+06,1934.3,5638.47,1,2864.18841965124,0,89,9,2,0,0,0,0,568,1
"569",269000,1229000,1e+06,9743.4,47297.48,9,20885.4806655012,0,82,11,1,2,0,4,0,569,1
"570",279000,1229000,1e+06,3842.31,10932,0,4640.26561146137,0,80,19,1,0,0,0,0,570,1
"571",289000,1229000,1e+06,3465.43,9611.23,2,3939.77807692624,0,77,22,1,0,0,0,0,571,1
"572",299000,1229000,1e+06,3616.82,11461.9,2,4660.6210232703,0,82,17,1,0,0,0,0,572,1
"573",309000,1229000,1e+06,4261.41,12017.79,0,4925.36069940962,0,83,14,3,0,0,0,0,573,1
"574",319000,1229000,999990.62,29397.01,158405.33,25,64449.5652593011,0,64,18,0,7,0,0,11,574,1
"575",329000,1229000,999762.15,5017.55,12634.11,1,5177.952769503,0,70,28,2,0,0,0,0,575,1
"576",339000,1229000,999218.09,6014.15,16081.25,1,6590.72563260235,0,70,24,6,0,0,0,0,576,1
"577",349000,1229000,999985.9,3190.2,7977.88,0,3269.64747208264,0,78,22,0,0,0,0,0,577,1
"578",139000,1219000,1e+06,8840.65,22301.91,10,10381.8956413539,0,51,45,4,0,0,0,0,578,1
"579",149000,1219000,1e+06,10202.32,38456.92,19,18517.8673556531,0,62,28,7,2,0,1,0,579,1
"580",159000,1219000,1e+06,5439.76,14250.2,4,6861.79013011698,0,64,34,1,1,0,0,0,580,1
"581",169000,1219000,1e+06,4957.93,13377.75,3,5632.74933770858,0,71,28,1,0,0,0,0,581,1
"582",179000,1219000,1e+06,14759.63,56033.83,24,19186.6688880157,0,65,25,1,5,0,4,0,582,1
"583",189000,1219000,1e+06,3559.66,13338.69,1,4567.33063506521,0,84,13,3,0,0,0,0,583,1
"584",199000,1219000,1e+06,540.68,1353.81,0,463.561105780303,0,100,0,0,0,0,0,0,584,1
"585",209000,1219000,1e+06,77.36,193.9,0,85.6425785925239,0,100,0,0,0,0,0,0,585,1
"586",219000,1219000,1e+06,61.96,155.16,0,81.5486181806772,0,100,0,0,0,0,0,0,586,1
"587",229000,1219000,1e+06,162.06,405.7,0,213.226824589074,0,99,1,0,0,0,0,0,587,1
"588",239000,1219000,998683.63,197.58,494.83,0,260.071556132287,0,99,1,0,0,0,0,0,588,1
"589",249000,1219000,1e+06,2761.71,9273.04,4,4873.7019637581,0,86,12,2,0,0,0,0,589,1
"590",259000,1219000,1e+06,1361.23,3546.99,1,1864.21842702106,0,91,9,0,0,0,0,0,590,1
"591",269000,1219000,1e+06,17937.03,88399.04,20,45956.79299899,0,74,13,0,7,0,6,0,591,1
"592",279000,1219000,1e+06,3702.48,10423.31,4,4685.77009487897,0,79,19,2,0,0,0,0,592,1
"593",289000,1219000,999730.11,6952.69,23698.63,11,9710.82181423902,0,78,17,2,0,3,0,0,593,1
"594",299000,1219000,1e+06,6173.23,20430.69,4,8935.04160163738,0,79,16,5,0,0,0,0,594,1
"595",309000,1219000,1e+06,3577.6,10181.6,6,4172.81817461457,0,85,13,2,0,0,0,0,595,1
"596",319000,1219000,1e+06,5143.48,18014.46,5,7383.03078089934,0,76,18,5,1,0,0,0,596,1
"597",329000,1219000,1e+06,4900.66,14146.97,2,5797.41642544978,0,79,19,1,0,0,1,0,597,1
"598",339000,1219000,1e+06,3418.61,8548.94,0,3467.23784012348,0,78,22,0,0,0,0,0,598,1
"599",139000,1209000,999453.81,7722.86,23775.5,5,10910.1772442283,0,58,37,5,0,0,0,0,599,1
"600",149000,1209000,1e+06,7175.51,24744.5,13,11874.5924915979,0,71,24,2,2,0,1,0,600,1
"601",159000,1209000,1e+06,9162.99,34332.11,6,15949.0469343783,0,70,22,0,6,0,2,0,601,1
"602",169000,1209000,1e+06,7193.68,25098.83,8,8599.49803355522,0,79,17,4,0,0,0,0,602,1
"603",179000,1209000,999917.81,2340.09,6721.55,2,2301.54094176926,0,88,11,1,0,0,0,0,603,1
"604",189000,1209000,998962.87,3563.4,8910.36,5,3051.01625795849,0,83,17,0,0,0,0,0,604,1
"605",199000,1209000,1e+06,2269.87,5677.12,0,1943.91534054652,0,88,12,0,0,0,0,0,605,1
"606",209000,1209000,999702.77,1268.47,3219.04,2,1605.20523277856,0,97,3,0,0,0,0,0,606,1
"607",219000,1209000,999688.25,216.88,542.71,0,285.23620833084,0,98,2,0,0,0,0,0,607,1
"608",229000,1209000,1e+06,3281.95,12012.57,5,6313.53749348224,0,86,10,4,0,0,0,0,608,1
"609",239000,1209000,998814.96,3919.68,15067.58,6,7871.68057271466,0,91,5,0,0,4,0,0,609,1
"610",249000,1209000,1e+06,801.14,2274.69,0,1195.52607868239,0,96,3,0,0,1,0,0,610,1
"611",259000,1209000,1e+06,4279.49,17417.12,7,9031.88254879042,0,86,10,0,2,0,2,0,611,1
"612",269000,1209000,999986.89,2892.35,7232.87,2,3427.53844201378,0,80,18,2,0,0,0,0,612,1
"613",279000,1209000,1e+06,1463.9,4814.07,1,2164.5048663104,0,92,7,1,0,0,0,0,613,1
"614",289000,1209000,1e+06,1451.98,3637.6,2,1821.80687549338,0,94,6,0,0,0,0,0,614,1
"615",299000,1209000,1e+06,12436.21,57400.41,20,28834.7361192564,0,80,10,5,0,0,5,0,615,1
"616",309000,1209000,1e+06,3682.03,9364.33,3,4595.29005577322,0,78,19,3,0,0,0,0,616,1
"617",319000,1209000,1e+06,4381.83,12120.26,2,4967.35691999272,0,78,19,3,0,0,0,0,617,1
"618",139000,1199000,999809.13,19276.41,70161.39,34,32107.7022247817,0,53,25,0,16,0,6,0,618,1
"619",149000,1199000,999977.94,6535.78,22440.44,8,7881.4256927371,0,72,26,2,0,0,0,0,619,1
"620",159000,1199000,999993.22,27701.31,124300.25,29,42493.243023145,0,52,30,1,8,0,3,6,620,1
"621",169000,1199000,999124.98,65524.56,425276.36,91,143912.879565602,0,50,20,0,9,0,0,21,621,1
"622",179000,1199000,1e+06,8114.27,24429.21,14,8364.86036836915,0,71,21,8,0,0,0,0,622,1
"623",189000,1199000,999258.25,8553.99,29754.12,13,10188.1746817827,0,77,18,3,0,2,0,0,623,1
"624",199000,1199000,998741.24,10954.07,42398.13,12,14517.6383767668,0,77,13,0,7,1,2,0,624,1
"625",209000,1199000,997884.04,1935.2,5997.82,2,2248.89694308117,0,94,4,2,0,0,0,0,625,1
"626",219000,1199000,998228,16.45,41.25,0,21.6800751462579,0,100,0,0,0,0,0,0,626,1
"627",229000,1199000,1e+06,23.16,58.03,0,30.4992671590298,0,100,0,0,0,0,0,0,627,1
"628",239000,1199000,1e+06,3870.94,17798.71,6,9301.38823006861,0,94,3,0,1,0,2,0,628,1
"629",249000,1199000,1e+06,2363.28,7359.27,2,3853.58212545514,0,87,11,2,0,0,0,0,629,1
"630",259000,1199000,1e+06,2370.48,5928.47,0,3115.87093183398,0,80,20,0,0,0,0,0,630,1
"631",269000,1199000,1e+06,5798.2,20703.85,10,10731.153766213,0,80,14,6,0,0,0,0,631,1
"632",279000,1199000,999353.22,2692.57,10748.43,3,5333.53371261805,0,91,7,2,0,0,0,0,632,1
"633",289000,1199000,1e+06,3110.94,9240.79,2,4633.64215911552,0,85,12,3,0,0,0,0,633,1
"634",299000,1199000,1e+06,3604.34,10577.61,3,5280.87613714114,0,78,19,3,0,0,0,0,634,1
"635",309000,1199000,1e+06,3218.08,8048.73,3,4034.35268721916,0,87,12,1,0,0,0,0,635,1
"636",319000,1199000,1e+06,5640.97,15187.3,7,6410.05150466785,0,72,25,3,0,0,0,0,636,1
"637",329000,1199000,1e+06,3162.27,8216.81,2,3244.14120107424,0,81,19,0,0,0,0,0,637,1
"638",139000,1189000,1e+06,17645.18,71258.51,19,31541.2948537357,0,57,30,1,6,0,6,0,638,1
"639",149000,1189000,1e+06,4852.08,12132.98,8,5137.83257921226,0,71,26,3,0,0,0,0,639,1
"640",159000,1189000,1e+06,9905.38,33206.72,16,11329.8798171561,0,70,23,3,4,0,0,0,640,1
"641",169000,1189000,1e+06,7759.7,21900.9,2,7464.07650641166,0,69,27,1,3,0,0,0,641,1
"642",179000,1189000,1e+06,5198.59,19145.47,7,6555.64314860106,0,83,14,3,0,0,0,0,642,1
"643",189000,1189000,1e+06,3970.76,10861.46,3,3719.09678731114,0,74,24,2,0,0,0,0,643,1
"644",199000,1189000,1e+06,4355.49,12018.03,6,4115.12049932405,0,81,15,4,0,0,0,0,644,1
"645",209000,1189000,1e+06,110.31,276.44,0,94.6564377453178,0,100,0,0,0,0,0,0,645,1
"646",219000,1189000,998421.49,2.75,6.91,0,3.6569066401571,0,100,0,0,0,0,0,0,646,1
"647",229000,1189000,999777.32,1.22,3.06,0,1.60826743207872,0,100,0,0,0,0,0,0,647,1
"648",239000,1189000,1e+06,30.86,77.3,0,40.627147372812,0,100,0,0,0,0,0,0,648,1
"649",249000,1189000,1e+06,461.97,1155.89,0,607.509871004149,0,97,3,0,0,0,0,0,649,1
"650",259000,1189000,1e+06,2002.72,5066.94,1,2663.07008721866,0,85,14,0,0,1,0,0,650,1
"651",269000,1189000,1e+06,4442.45,13116.04,5,6740.97399626113,0,77,19,4,0,0,0,0,651,1
"652",279000,1189000,998799.34,1348.8,3379.01,1,1687.91500785202,0,91,9,0,0,0,0,0,652,1
"653",289000,1189000,1e+06,2872.58,8370.62,6,4171.91871183738,0,85,13,2,0,0,0,0,653,1
"654",299000,1189000,1e+06,4964.32,18773.13,9,9431.39094835891,0,82,13,5,0,0,0,0,654,1
"655",309000,1189000,1e+06,3225.82,12523.29,3,6288.13739161566,0,86,12,2,0,0,0,0,655,1
"656",319000,1189000,1e+06,3080.31,7703.59,2,3765.25312556047,0,80,19,1,0,0,0,0,656,1
"657",139000,1179000,999214.88,15103.3,65364.39,26,30026.756511339,0,58,28,0,10,0,4,0,657,1
"658",149000,1179000,1e+06,4001.98,10007.79,11,4314.24532357045,0,75,25,0,0,0,0,0,658,1
"659",159000,1179000,1e+06,3620,10164.38,5,3481.7339474652,0,87,12,1,0,0,0,0,659,1
"660",169000,1179000,1e+06,1899.89,4814.22,3,1648.44783115201,0,88,12,0,0,0,0,0,660,1
"661",179000,1179000,1e+06,4693.79,12723.3,13,4356.61355992966,0,84,13,3,0,0,0,0,661,1
"662",189000,1179000,1e+06,14365.31,65342.44,22,22374.0508622285,0,73,18,2,3,0,4,0,662,1
"663",199000,1179000,1e+06,2849.32,7125.49,1,2439.85494957306,0,82,16,2,0,0,0,0,663,1
"664",209000,1179000,1e+06,16.83,42.24,0,14.4634927678853,0,100,0,0,0,0,0,0,664,1
"665",219000,1179000,1e+06,1.23,3.09,0,1.76289480365813,0,100,0,0,0,0,0,0,665,1
"666",229000,1179000,998015.07,0.49,1.23,0,0.6464604139328,0,100,0,0,0,0,0,0,666,1
"667",239000,1179000,1e+06,40.83,102.23,0,54.2101895343512,0,100,0,0,0,0,0,0,667,1
"668",249000,1179000,1e+06,993.75,2486.4,0,1306.79610302672,0,94,6,0,0,0,0,0,668,1
"669",259000,1179000,1e+06,5457.7,20692.18,7,10875.34595499,0,80,16,1,1,2,0,0,669,1
"670",269000,1179000,1e+06,1373.75,3759.74,0,1976.03507113084,0,87,13,0,0,0,0,0,670,1
"671",279000,1179000,998881.1,2800.36,9364.17,3,4987.11842499766,0,91,7,2,0,0,0,0,671,1
"672",289000,1179000,1e+06,6433.6,26696.99,13,13291.2172428686,0,79,16,2,1,0,2,0,672,1
"673",299000,1179000,1e+06,2036.42,5093.63,3,2421.65943130106,0,85,15,0,0,0,0,0,673,1
"674",309000,1179000,1e+06,3423.49,10899.02,5,5402.95987724512,0,77,21,2,0,0,0,0,674,1
"675",149000,1169000,1e+06,4528.05,11323.55,4,5044.44046223909,0,64,36,0,0,0,0,0,675,1
"676",159000,1169000,1e+06,13743.66,59199.76,15,20277.1891069235,0,73,17,1,6,0,3,0,676,1
"677",169000,1169000,1e+06,1395.65,3599.56,2,1232.533384284,0,89,11,0,0,0,0,0,677,1
"678",179000,1169000,1e+06,976.35,2441.62,0,836.040560547263,0,94,6,0,0,0,0,0,678,1
"679",189000,1169000,1e+06,3750.95,9379.39,2,3211.61787177622,0,83,17,0,0,0,0,0,679,1
"680",199000,1169000,1e+06,12337.98,46753.97,23,16009.13133437,0,74,15,2,0,9,0,0,680,1
"681",209000,1169000,1e+06,2328.71,10199.47,0,3498.47261417098,0,95,4,1,0,0,0,0,681,1
"682",219000,1169000,1e+06,3.84,9.62,0,5.48836501128971,0,100,0,0,0,0,0,0,682,1
"683",229000,1169000,998140.07,0,0,0,0,0,100,0,0,0,0,0,0,683,1
"684",239000,1169000,1e+06,734.42,1837.46,0,1048.30055788904,0,95,5,0,0,0,0,0,684,1
"685",249000,1169000,1e+06,2133.14,5336.24,1,2847.27860140149,0,85,15,0,0,0,0,0,685,1
"686",259000,1169000,1e+06,11334.43,40309.5,16,20397.357998319,0,59,28,0,10,0,3,0,686,1
"687",269000,1169000,999745.65,3332.41,8385.65,7,4328.30484679341,0,80,18,2,0,0,0,0,687,1
"688",279000,1169000,998544.55,3415.36,9631.29,3,5067.83778806776,0,78,21,1,0,0,0,0,688,1
"689",289000,1169000,1e+06,4228.81,13246.01,5,6433.92301264033,0,80,17,3,0,0,0,0,689,1
"690",299000,1169000,1e+06,2983.33,7461.11,3,3385.32291633263,0,79,21,0,0,0,0,0,690,1
"691",309000,1169000,1e+06,3443.15,8610.71,2,3903.75408577826,0,80,18,2,0,0,0,0,691,1
"692",149000,1159000,1e+06,3130.8,7981.65,1,3790.095664653,0,73,27,0,0,0,0,0,692,1
"693",159000,1159000,1e+06,4920.13,13544.63,13,5984.49974340759,0,80,19,1,0,0,0,0,693,1
"694",169000,1159000,999869.72,2215.48,7024.77,3,3249.53654982522,0,89,10,1,0,0,0,0,694,1
"695",179000,1159000,1e+06,970.98,2682.2,0,1262.47563849296,0,96,3,1,0,0,0,0,695,1
"696",189000,1159000,1e+06,1753.23,4384.18,3,1713.17316630483,0,92,7,1,0,0,0,0,696,1
"697",199000,1159000,999048.04,1701.9,4256.89,2,1488.93731228262,0,91,9,0,0,0,0,0,697,1
"698",209000,1159000,998583.47,5496.35,14851.7,4,5807.94565691054,0,77,18,5,0,0,0,0,698,1
"699",219000,1159000,998768.05,0.67,1.68,0,0.958467096090317,0,100,0,0,0,0,0,0,699,1
"700",229000,1159000,998091.49,1.5,3.76,0,2.14514064788819,0,100,0,0,0,0,0,0,700,1
"701",239000,1159000,1e+06,1823.55,4562.11,2,2602.7573288437,0,88,12,0,0,0,0,0,701,1
"702",249000,1159000,1e+06,4504.99,12964.8,0,5198.67241150047,0,80,17,1,2,0,0,0,702,1
"703",259000,1159000,999997.99,116681.65,786681.62,49,206667.524375441,0,27,27,0,10,0,0,36,703,1
"704",269000,1159000,998582.15,7874.68,23338.15,7,8178.86093893089,0,71,22,3,4,0,0,0,704,1
"705",279000,1159000,999922.54,1589.39,3976.16,3,2252.96198001504,0,89,11,0,0,0,0,0,705,1
"706",289000,1159000,1e+06,2014.69,5038.88,1,2600.17393771,0,86,14,0,0,0,0,0,706,1
"707",299000,1159000,1e+06,2533.9,6337.09,1,2941.81088500656,0,86,12,2,0,0,0,0,707,1
"708",309000,1159000,1e+06,4434.15,16183.74,0,6278.97459803522,0,84,14,0,0,0,2,0,708,1
"709",149000,1149000,1e+06,3541.56,8867.03,2,4212.93748516496,0,80,18,2,0,0,0,0,709,1
"710",159000,1149000,1e+06,4256.31,14319.99,6,6803.76887470391,0,81,17,2,0,0,0,0,710,1
"711",169000,1149000,999328.55,2809.69,8143.77,0,3869.29941107891,0,83,15,2,0,0,0,0,711,1
"712",179000,1149000,999092.69,741.66,1854.78,0,881.250227953307,0,94,6,0,0,0,0,0,712,1
"713",189000,1149000,1e+06,366.47,916.7,0,435.546040521935,0,97,3,0,0,0,0,0,713,1
"714",199000,1149000,1e+06,309.14,773.92,0,437.013201031834,0,99,1,0,0,0,0,0,714,1
"715",209000,1149000,1e+06,4790.45,16041.29,4,9151.81464100815,0,76,22,0,0,2,0,0,715,1
"716",219000,1149000,1e+06,2800.46,9506.07,4,5421.31236672402,0,87,10,3,0,0,0,0,716,1
"717",229000,1149000,997946.23,169.91,425.13,1,228.674272639677,0,100,0,0,0,0,0,0,717,1
"718",239000,1149000,1e+06,6798.78,20057.58,6,11399.8820592873,0,63,31,6,0,0,0,0,718,1
"719",249000,1149000,1e+06,12406.92,51957.78,5,17545.8124190448,0,71,22,4,1,0,2,0,719,1
"720",259000,1149000,999928.93,120770.07,786622.8,32,200149.023709625,0,28,21,3,9,0,0,39,720,1
"721",269000,1149000,997214.46,17281.43,71367.73,10,19656.4350621989,0,64,27,3,2,0,0,4,721,1
"722",279000,1149000,1e+06,4967.68,14594.28,3,8034.88752500247,0,83,13,4,0,0,0,0,722,1
"723",289000,1149000,1e+06,3268.43,9455.15,6,5105.24645936676,0,82,16,2,0,0,0,0,723,1
"724",299000,1149000,1e+06,3600.72,9004.37,3,4333.84693262912,0,82,15,3,0,0,0,0,724,1
"725",309000,1149000,1e+06,3224.58,8064.6,0,3891.30530312471,0,77,23,0,0,0,0,0,725,1
"726",159000,1139000,1e+06,4180.52,16583.3,3,7879.12141996343,0,82,15,1,0,2,0,0,726,1
"727",169000,1139000,1e+06,1551.22,3879.44,0,1843.21448944137,0,92,8,0,0,0,0,0,727,1
"728",179000,1139000,998522.96,2324.83,7584.15,10,3603.41058628355,0,88,11,1,0,0,0,0,728,1
"729",189000,1139000,1e+06,36.06,90.32,0,42.9131872095168,0,100,0,0,0,0,0,0,729,1
"730",199000,1139000,1e+06,328.91,822.8,0,469.186000537127,0,97,3,0,0,0,0,0,730,1
"731",209000,1139000,1e+06,1096.48,2742.76,0,1564.78881087899,0,94,6,0,0,0,0,0,731,1
"732",219000,1139000,999491.48,1465.99,3666.93,2,2075.83432626165,0,90,10,0,0,0,0,0,732,1
"733",229000,1139000,995385.4,10248.07,36157.81,11,20495.3810056895,0,73,14,0,7,0,6,0,733,1
"734",239000,1139000,1e+06,6893.88,24913.23,8,13974.5186323598,0,65,28,1,6,0,0,0,734,1
"735",249000,1139000,1e+06,3169.42,8085.71,5,4532.80765834451,0,71,28,0,1,0,0,0,735,1
"736",259000,1139000,1e+06,6554,22092.63,6,12054.2422964582,0,70,26,0,1,0,3,0,736,1
"737",269000,1139000,999515.47,1841.57,4606.55,3,2494.55322573334,0,81,19,0,0,0,0,0,737,1
"738",279000,1139000,999036.34,1820.44,4554.09,2,2495.46604594588,0,83,17,0,0,0,0,0,738,1
"739",289000,1139000,1e+06,3133.76,9164.24,2,5128.63191744126,0,87,10,3,0,0,0,0,739,1
"740",299000,1139000,1e+06,5810.53,19269.53,4,10914.4127366506,0,70,24,3,2,0,1,0,740,1
"741",169000,1129000,1e+06,2171.2,5430.05,1,2579.94630744494,0,82,18,0,0,0,0,0,741,1
"742",179000,1129000,999151.61,946.18,2366.78,0,1124.51363768335,0,96,4,0,0,0,0,0,742,1
"743",189000,1129000,999521,1488.31,3738.69,0,1776.3408145057,0,89,11,0,0,0,0,0,743,1
"744",199000,1129000,1e+06,1980.62,4959.03,2,2620.67907793447,0,86,14,0,0,0,0,0,744,1
"745",209000,1129000,1e+06,2869.23,8111.06,3,4588.62696419843,0,80,18,2,0,0,0,0,745,1
"746",219000,1129000,1e+06,1407.75,4470.08,4,2525.3839280326,0,95,4,1,0,0,0,0,746,1
"747",229000,1129000,997267.34,1369.67,4422.76,1,2502.9169851318,0,91,8,1,0,0,0,0,747,1
"748",239000,1129000,1e+06,2563.73,6411.73,0,3657.99535823613,0,78,22,0,0,0,0,0,748,1
"749",249000,1129000,1e+06,3303.17,9003.35,1,5126.15584270842,0,78,18,2,2,0,0,0,749,1
"750",259000,1129000,1e+06,8472.29,35973.71,15,20454.8345227949,0,80,14,1,2,0,3,0,750,1
"751",269000,1129000,999784.09,1875.55,4691.77,2,2357.79480649903,0,91,9,0,0,0,0,0,751,1
"752",279000,1129000,998574.82,1405.73,3516.95,1,1921.84632013738,0,89,11,0,0,0,0,0,752,1
"753",289000,1129000,1e+06,1944.7,4863.8,2,2472.6339989081,0,87,13,0,0,0,0,0,753,1
"754",299000,1129000,1e+06,3705.36,10637.64,2,6022.24836715311,0,69,30,0,0,0,1,0,754,1
"755",169000,1119000,1e+06,2023.94,5061.82,1,2370.11259863619,0,88,12,0,0,0,0,0,755,1
"756",179000,1119000,1e+06,2182.77,5459.62,1,2593.99571691546,0,87,12,1,0,0,0,0,756,1
"757",189000,1119000,998770.75,3463.16,9879.59,7,4694.02889534086,0,85,12,3,0,0,0,0,757,1
"758",199000,1119000,998645.92,1180.69,2953.32,0,1443.15164998919,0,93,7,0,0,0,0,0,758,1
"759",209000,1119000,998780.51,1296.79,3242.9,5,1797.96596907265,0,94,5,1,0,0,0,0,759,1
"760",219000,1119000,997575.45,6.56,16.47,0,9.39640046469867,0,100,0,0,0,0,0,0,760,1
"761",229000,1119000,994856.29,108.9,272.45,0,155.437118165195,0,100,0,0,0,0,0,0,761,1
"762",239000,1119000,1e+06,3654.11,11977.9,5,6791.74340782873,0,83,14,3,0,0,0,0,762,1
"763",249000,1119000,1e+06,6048.72,19644.23,10,11151.8786474764,0,73,21,1,3,0,2,0,763,1
"764",259000,1119000,1e+06,3479.25,9777.66,5,5550.72252969072,0,81,15,2,2,0,0,0,764,1
"765",269000,1119000,999190.16,2592.7,8919.29,1,4933.60097906925,0,85,13,2,0,0,0,0,765,1
"766",169000,1109000,1e+06,29458.28,150985.83,37,69512.6872285912,0,63,12,3,10,0,12,0,766,1
"767",179000,1109000,1e+06,895.86,2589.59,0,1227.95761135779,0,97,3,0,0,0,0,0,767,1
"768",189000,1109000,1e+06,1620.65,4053.54,1,1918.92073319107,0,91,9,0,0,0,0,0,768,1
"769",199000,1109000,1e+06,1335.38,3339.22,3,1612.5176915573,0,93,7,0,0,0,0,0,769,1
"770",209000,1109000,1e+06,10.33,25.89,0,14.7706622667611,0,100,0,0,0,0,0,0,770,1
"771",219000,1109000,995028.56,3.51,8.83,0,5.03765737637878,0,100,0,0,0,0,0,0,771,1
"772",229000,1109000,1e+06,5.74,14.4,0,7.39959405548871,0,100,0,0,0,0,0,0,772,1
"773",239000,1109000,1e+06,1601.36,4005.2,3,2202.54025568068,0,89,11,0,0,0,0,0,773,1
"774",249000,1109000,999942.58,4714.39,17273.44,7,9773.06673990935,0,79,18,0,1,0,2,0,774,1
"775",259000,1109000,1e+06,3905.55,13537.12,7,7644.83619997837,0,88,6,4,0,2,0,0,775,1
"776",269000,1109000,1e+06,3998.17,9998.42,1,4721.77972170897,0,85,11,4,0,0,0,0,776,1
"777",169000,1099000,1e+06,1061.47,2655.35,0,1261.62013884634,0,94,6,0,0,0,0,0,777,1
"778",179000,1099000,1e+06,257.6,644.75,0,306.336107363924,0,100,0,0,0,0,0,0,778,1
"779",189000,1099000,1e+06,19.43,48.68,0,23.1290290113539,0,100,0,0,0,0,0,0,779,1
"780",199000,1099000,999928.18,26.43,66.21,0,31.4579507512972,0,100,0,0,0,0,0,0,780,1
"781",209000,1099000,999767.16,2.82,7.08,0,4.03925413265824,0,100,0,0,0,0,0,0,781,1
"782",219000,1099000,994089.51,2.32,5.85,0,3.33751929923892,0,100,0,0,0,0,0,0,782,1
"783",229000,1099000,1e+06,200.28,828.46,0,472.649789914488,0,99,1,0,0,0,0,0,783,1
"784",239000,1099000,1e+06,501.49,1254.91,0,715.946386666969,0,97,3,0,0,0,0,0,784,1
"785",249000,1099000,1e+06,1638.67,4098.43,1,2324.12865277566,0,87,13,0,0,0,0,0,785,1
"786",259000,1099000,1e+06,21552.39,96053.74,36,54562.1197666563,0,63,17,2,7,2,9,0,786,1
"787",269000,1099000,999949.63,5896.57,17909.19,5,9690.05093890987,0,77,18,2,0,3,0,0,787,1
"788",169000,1089000,1e+06,3575.11,15338.58,11,7287.72528882977,0,87,10,3,0,0,0,0,788,1
"789",179000,1089000,1e+06,56.58,141.75,0,67.3488072259351,0,100,0,0,0,0,0,0,789,1
"790",189000,1089000,1e+06,6.83,17.18,0,8.16262786556035,0,100,0,0,0,0,0,0,790,1
"791",199000,1089000,999082.12,3.18,7.99,0,3.79623960703611,0,100,0,0,0,0,0,0,791,1
"792",209000,1089000,998846.68,0,0,0,0,0,100,0,0,0,0,0,0,792,1
"793",219000,1089000,995957.49,2.59,6.5,0,3.47178202867507,0,100,0,0,0,0,0,0,793,1
"794",229000,1089000,1e+06,2871.77,12731.6,6,7193.09582395293,0,92,4,4,0,0,0,0,794,1
"795",239000,1089000,1e+06,211.44,529.19,0,301.369437720627,0,100,0,0,0,0,0,0,795,1
"796",249000,1089000,1e+06,1167.89,2921.01,1,1657.78293317556,0,90,10,0,0,0,0,0,796,1
"797",259000,1089000,1e+06,5990.34,19320.2,9,10899.8132720422,0,76,17,3,2,0,2,0,797,1
"798",269000,1089000,999312.01,1030.6,2579.51,0,1448.86513518542,0,94,6,0,0,0,0,0,798,1
"799",169000,1079000,1e+06,1678.7,6781.45,1,3209.49967078585,0,94,4,0,1,0,1,0,799,1
"800",179000,1079000,1e+06,6.72,16.89,0,8.02484190091491,0,100,0,0,0,0,0,0,800,1
"801",189000,1079000,1e+06,6.42,16.12,0,7.65899645723403,0,100,0,0,0,0,0,0,801,1
"802",199000,1079000,1e+06,3.87,9.73,0,4.62295508012175,0,100,0,0,0,0,0,0,802,1
"803",209000,1079000,1e+06,1.64,4.11,0,1.95275903306901,0,100,0,0,0,0,0,0,803,1
"804",219000,1079000,997552.18,22.23,55.76,0,29.7422413332388,0,100,0,0,0,0,0,0,804,1
"805",229000,1079000,1e+06,201.82,505.56,1,275.521361012012,0,100,0,0,0,0,0,0,805,1
"806",239000,1079000,1e+06,214.53,536.91,0,260.392948808149,0,100,0,0,0,0,0,0,806,1
"807",249000,1079000,1e+06,285.28,713.91,0,384.451965756715,0,99,1,0,0,0,0,0,807,1
"808",259000,1079000,1e+06,4746.34,14812.18,11,8056.8864740748,0,86,7,7,0,0,0,0,808,1
"809",269000,1079000,998983.15,1854.24,4714.82,5,2267.32058151625,0,86,13,1,0,0,0,0,809,1
"810",169000,1069000,1e+06,1417.44,3544.86,0,1684.24754967913,0,93,5,2,0,0,0,0,810,1
"811",179000,1069000,1e+06,26.83,67.29,0,31.9710842370987,0,100,0,0,0,0,0,0,811,1
"812",189000,1069000,1e+06,4.62,11.6,0,5.51143667008728,0,100,0,0,0,0,0,0,812,1
"813",199000,1069000,1e+06,0.8,2.03,0,0.964501435868442,0,100,0,0,0,0,0,0,813,1
"814",209000,1069000,1e+06,2.85,7.15,0,3.39713556133211,0,100,0,0,0,0,0,0,814,1
"815",219000,1069000,998356.32,232.28,581.01,1,312.589280098676,0,99,1,0,0,0,0,0,815,1
"816",229000,1069000,1e+06,270.62,678.02,0,364.781644485891,0,100,0,0,0,0,0,0,816,1
"817",239000,1069000,1e+06,467.99,1172.08,1,630.590940833092,0,100,0,0,0,0,0,0,817,1
"818",249000,1069000,1e+06,868.53,2172.77,1,1168.97231768817,0,96,3,1,0,0,0,0,818,1
"819",259000,1069000,1e+06,9428.06,39805.68,12,21230.1280457005,0,76,12,7,1,0,4,0,819,1
"820",269000,1069000,998867.39,640.73,1602.78,1,833.582855164073,0,96,4,0,0,0,0,0,820,1
"821",169000,1059000,1e+06,2716.29,7701.39,5,3338.82624974847,0,86,12,2,0,0,0,0,821,1
"822",179000,1059000,1e+06,605.87,1515.93,0,627.792871185579,0,99,1,0,0,0,0,0,822,1
"823",189000,1059000,1e+06,30.74,76.99,0,32.1495759384707,0,100,0,0,0,0,0,0,823,1
"824",199000,1059000,1e+06,2.06,5.16,0,2.37629122287035,0,100,0,0,0,0,0,0,824,1
"825",209000,1059000,1e+06,0.66,1.66,0,0.788705598562956,0,100,0,0,0,0,0,0,825,1
"826",219000,1059000,997531.43,612.94,1532.68,1,818.796387063339,0,98,2,0,0,0,0,0,826,1
"827",229000,1059000,1e+06,1445.3,3617.08,1,1934.30252315104,0,91,9,0,0,0,0,0,827,1
"828",239000,1059000,1e+06,1261.8,3395.91,1,1794.53823638708,0,94,6,0,0,0,0,0,828,1
"829",249000,1059000,1e+06,1641.23,6511.84,1,3480.81270483881,0,96,2,0,0,2,0,0,829,1
"830",259000,1059000,1e+06,11149.35,51335.19,20,27532.5888236463,0,83,6,1,3,3,4,0,830,1
"831",269000,1059000,999527.84,1086.03,2716.25,2,1460.73005568143,0,97,1,2,0,0,0,0,831,1
"832",169000,1049000,1e+06,7378.14,37043.41,18,15330.9866570942,0,91,5,0,0,0,4,0,832,1
"833",179000,1049000,1e+06,445.86,1397.54,0,578.393488267437,0,98,2,0,0,0,0,0,833,1
"834",189000,1049000,1e+06,951.7,3692.32,2,1528.12357988394,0,97,2,1,0,0,0,0,834,1
"835",199000,1049000,1e+06,569.16,1424.41,0,589.602877444588,0,98,2,0,0,0,0,0,835,1
"836",209000,1049000,1e+06,246.54,616.88,0,280.834347444587,0,99,1,0,0,0,0,0,836,1
"837",219000,1049000,996728.38,166.51,416.6,1,203.34958953876,0,99,1,0,0,0,0,0,837,1
"838",229000,1049000,996982.88,1780.5,5737.92,2,3040.11436532997,0,94,4,0,0,2,0,0,838,1
"839",239000,1049000,1e+06,24948.24,135035.43,44,72101.780142881,0,72,10,0,4,6,0,8,839,1
"840",249000,1049000,1e+06,1039.59,2601.15,1,1395.42079363018,0,97,2,0,1,0,0,0,840,1
"841",259000,1049000,1e+06,3634.89,10203.69,7,5475.44767691941,0,86,9,5,0,0,0,0,841,1
"842",269000,1049000,999675.24,455.35,1197.04,0,648.523570995777,0,97,3,0,0,0,0,0,842,1
"843",169000,1039000,1e+06,623.73,1560.43,0,645.808024236933,0,98,2,0,0,0,0,0,843,1
"844",179000,1039000,1e+06,5623.09,24490.9,11,10135.9367637346,0,90,5,3,0,2,0,0,844,1
"845",189000,1039000,1e+06,17406.31,94996.54,37,39285.4015242569,0,81,8,0,5,0,6,0,845,1
"846",199000,1039000,1e+06,2170.89,7869.86,7,3257.06297434773,0,90,7,3,0,0,0,0,846,1
"847",209000,1039000,1e+06,585.38,1464.55,1,612.756836321205,0,97,3,0,0,0,0,0,847,1
"848",219000,1039000,1e+06,750.65,1877.07,1,831.924980305135,0,93,7,0,0,0,0,0,848,1
"849",229000,1039000,998511.57,321.19,803.44,0,422.605718341656,0,98,2,0,0,0,0,0,849,1
"850",239000,1039000,1e+06,470.65,1179.17,1,631.699239179492,0,99,1,0,0,0,0,0,850,1
"851",249000,1039000,1e+06,393.49,985.4,0,526.63123986125,0,98,2,0,0,0,0,0,851,1
"852",259000,1039000,1e+06,6307.64,20830.59,13,11152.2886815593,0,75,19,6,0,0,0,0,852,1
"853",169000,1029000,1e+06,98.8,247.23,0,102.319948621094,0,100,0,0,0,0,0,0,853,1
"854",179000,1029000,1e+06,215.36,539.2,1,223.156237560324,0,99,1,0,0,0,0,0,854,1
"855",189000,1029000,1e+06,628.51,1625.52,1,672.746527846903,0,94,6,0,0,0,0,0,855,1
"856",199000,1029000,1e+06,2524.39,11427.3,7,4729.36438333708,0,96,0,2,1,0,1,0,856,1
"857",209000,1029000,1e+06,2280.67,5702.77,9,2499.94195860252,0,87,12,1,0,0,0,0,857,1
"858",219000,1029000,1e+06,763.42,1908.99,1,846.072046229616,0,95,5,0,0,0,0,0,858,1
"859",229000,1029000,998507.72,388.11,970.74,1,440.410468203016,0,98,2,0,0,0,0,0,859,1
"860",239000,1029000,1e+06,3357.25,16037.35,8,8628.25707502663,0,92,4,0,2,0,2,0,860,1
"861",249000,1029000,1e+06,163.21,408.83,0,219.954691521823,0,100,0,0,0,0,0,0,861,1
"862",259000,1029000,1e+06,3064.85,9837.62,5,3991.81417814269,0,87,11,2,0,0,0,0,862,1
"863",169000,1019000,1e+06,1520.45,3801.87,0,1573.46254550293,0,94,5,1,0,0,0,0,863,1
"864",179000,1019000,1e+06,322.63,807.09,0,334.026648185216,0,98,2,0,0,0,0,0,864,1
"865",189000,1019000,1e+06,490.47,1226.9,0,507.771497098729,0,98,2,0,0,0,0,0,865,1
"866",199000,1019000,1e+06,3449.79,13915.09,6,5758.9746656837,0,88,10,1,0,0,1,0,866,1
"867",209000,1019000,1e+06,1839.84,4601.08,4,2015.99595638364,0,87,13,0,0,0,0,0,867,1
"868",219000,1019000,1e+06,4920.23,25344.13,15,11232.6204604553,0,87,9,0,2,0,2,0,868,1
"869",229000,1019000,998747.86,1052.4,2632.15,2,1196.74772739876,0,92,8,0,0,0,0,0,869,1
"870",239000,1019000,999850.29,409.95,1138.85,1,612.712859205902,0,96,4,0,0,0,0,0,870,1
"871",249000,1019000,1e+06,27.95,70.07,0,35.6606419607997,0,100,0,0,0,0,0,0,871,1
"872",259000,1019000,1e+06,1494.54,3736.96,3,1294.01822341606,0,95,4,1,0,0,0,0,872,1
"873",169000,1009000,1e+06,4780.53,21619.2,13,7635.57474356424,0,89,9,0,1,0,1,0,873,1
"874",179000,1009000,1e+06,1404.9,3513.28,2,1453.15642164927,0,92,8,0,0,0,0,0,874,1
"875",189000,1009000,1e+06,3340.67,10938.63,8,4527.1207606243,0,91,4,4,1,0,0,0,875,1
"876",199000,1009000,1e+06,10590.74,59473.74,21,24614.1246917695,0,86,6,0,4,0,4,0,876,1
"877",209000,1009000,1e+06,1615.41,4044.2,3,1764.64230767451,0,91,9,0,0,0,0,0,877,1
"878",219000,1009000,999964.83,1117.04,2920.75,3,1294.4881522432,0,92,8,0,0,0,0,0,878,1
"879",229000,1009000,999825.55,3361.05,12112.03,5,5345.07156120613,0,88,9,3,0,0,0,0,879,1
"880",239000,1009000,998552.21,1459.31,5031.98,2,2437.20982913487,0,92,7,1,0,0,0,0,880,1
"881",249000,1009000,1e+06,1446.92,3618.45,3,1348.34964804724,0,95,5,0,0,0,0,0,881,1
"882",259000,1009000,1e+06,4503.27,14308.13,10,4998.28063254059,0,84,13,3,0,0,0,0,882,1
"883",269000,1009000,999207.16,759.84,2040.13,2,713.539525110274,0,94,6,0,0,0,0,0,883,1
"884",169000,999000,1e+06,2034.73,6226.79,0,2181.64549683779,0,95,4,1,0,0,0,0,884,1
"885",179000,999000,1e+06,1446.81,5927.46,1,2113.75074739195,0,92,6,2,0,0,0,0,885,1
"886",189000,999000,1e+06,2687.69,12813.98,5,4948.88816336356,0,90,6,4,0,0,0,0,886,1
"887",199000,999000,1e+06,7159.79,34199.91,22,12926.2935047345,0,86,6,4,1,3,0,0,887,1
"888",209000,999000,1e+06,4104.39,14480.23,12,5632.66029538866,0,85,10,5,0,0,0,0,888,1
"889",219000,999000,998993.65,614.94,1539.89,2,682.485444235616,0,99,1,0,0,0,0,0,889,1
"890",229000,999000,997080.8,3950.13,11641.63,12,5156.74665160757,0,84,13,3,0,0,0,0,890,1
"891",239000,999000,969984.24,2222.61,7628.76,1,2379.08540449943,1,91,7,1,0,0,0,0,891,1
"892",249000,999000,1e+06,4208.56,11537.01,13,4030.24111426249,0,85,13,1,1,0,0,0,892,1
"893",259000,999000,1e+06,2621.6,9622.65,5,3361.49483504519,0,93,6,1,0,0,0,0,893,1
"894",269000,999000,998759.4,2199.61,8774.88,0,3069.61081708223,0,94,4,2,0,0,0,0,894,1
"895",169000,989000,1e+06,5612.8,22212.53,11,7782.47959004901,0,86,10,1,1,0,2,0,895,1
"896",179000,989000,1e+06,1943.22,7418.93,3,2599.3288964564,0,92,6,2,0,0,0,0,896,1
"897",189000,989000,1e+06,2123.43,6789.05,2,2378.64137417823,0,92,7,1,0,0,0,0,897,1
"898",199000,989000,999224.81,3207.42,13162.71,11,4611.74490996264,0,94,3,2,0,1,0,0,898,1
"899",209000,989000,1e+06,4731.02,22157.6,1,7802.93508310989,0,90,6,0,0,4,0,0,899,1
"900",219000,989000,1e+06,21484.28,107363.9,37,47584.1126666991,0,72,8,6,6,0,8,0,900,1
"901",229000,989000,1e+06,7187.39,28041.61,14,12421.6349209603,0,87,6,0,3,4,0,0,901,1
"902",239000,989000,995624.24,6338.84,24303.57,12,8490.61297642159,0,90,5,0,0,5,0,0,902,1
"903",249000,989000,1e+06,27597.38,170354.2,44,59392.2041482292,0,74,10,1,2,0,0,13,903,1
"904",259000,989000,1e+06,1058.15,2646.65,1,920.572360474617,0,93,7,0,0,0,0,0,904,1
"905",169000,979000,1e+06,1648.89,4123.12,3,1444.5944358334,0,89,11,0,0,0,0,0,905,1
"906",179000,979000,1e+06,482.28,1206.13,0,422.585003514774,0,99,1,0,0,0,0,0,906,1
"907",189000,979000,999744.27,4127.06,16354.03,8,5729.86977970507,0,86,11,3,0,0,0,0,907,1
"908",199000,979000,999018.15,31366.88,194682.42,44,68209.7878537457,0,63,15,0,5,0,0,17,908,1
"909",209000,979000,1e+06,7385.9,30199.76,14,10678.0730306432,0,87,8,3,0,0,2,0,909,1
"910",219000,979000,1e+06,16910.28,79957.87,32,34989.2313748812,0,74,12,4,6,0,4,0,910,1
"911",229000,979000,1e+06,6029.95,23372.95,16,9959.46749031359,0,80,12,6,1,0,1,0,911,1
"912",239000,979000,998018.96,1911.73,4780.51,3,1673.9946846189,0,91,9,0,0,0,0,0,912,1
"913",249000,979000,1e+06,1537.01,3843.73,3,1342.7360005863,0,94,6,0,0,0,0,0,913,1
"914",259000,979000,1e+06,648.51,1622.03,1,566.626185126603,0,96,4,0,0,0,0,0,914,1
"915",169000,969000,1e+06,9811.01,43066.66,21,15077.8826230764,0,77,17,0,3,0,3,0,915,1
"916",179000,969000,998837.22,2685.1,6713.92,3,2352.318501072,0,86,14,0,0,0,0,0,916,1
"917",189000,969000,1e+06,1706.01,5866.84,3,2055.53183401655,0,91,8,1,0,0,0,0,917,1
"918",199000,969000,998959.68,1971.36,6379.77,3,2235.24424838833,0,92,6,2,0,0,0,0,918,1
"919",209000,969000,1e+06,5416.22,15993.66,7,5771.37458604574,0,79,18,3,0,0,0,0,919,1
"920",219000,969000,1e+06,14764.19,55365.44,60,23402.3692366891,0,68,16,0,14,0,2,0,920,1
"921",229000,969000,1e+06,4278.72,16841.68,11,6130.87541505136,0,85,11,4,0,0,0,0,921,1
"922",239000,969000,996486.96,1210.89,4397.93,1,1585.98754515965,0,92,7,1,0,0,0,0,922,1
"923",249000,969000,1e+06,1196.97,3927.52,6,1372.00648430362,0,94,5,1,0,0,0,0,923,1
"924",259000,969000,998928.03,1436.83,3593.09,5,1255.17955639958,0,95,5,0,0,0,0,0,924,1
"925",169000,959000,1e+06,3483.29,10145.1,6,3554.48179765604,0,85,14,1,0,0,0,0,925,1
"926",179000,959000,999335.27,1206.25,3070.62,2,1075.83591367677,0,96,3,1,0,0,0,0,926,1
"927",189000,959000,999243.53,1040.49,3394.33,1,1189.2523713205,0,96,3,1,0,0,0,0,927,1
"928",199000,959000,998497.11,1763.53,7038.9,6,2466.17992511764,0,96,3,1,0,0,0,0,928,1
"929",209000,959000,1e+06,1455.55,4212.11,2,1528.19449628517,0,90,10,0,0,0,0,0,929,1
"930",219000,959000,1e+06,35515.17,186810.97,40,67705.5140176071,0,58,13,3,10,0,0,16,930,1
"931",229000,959000,1e+06,4925.23,16647.66,17,6054.75937005412,0,83,13,4,0,0,0,0,931,1
"932",239000,959000,999674.11,2622.93,7606.13,3,2766.35194589104,0,91,7,2,0,0,0,0,932,1
"933",249000,959000,996858.29,472.6,1183.58,3,416.282384218648,0,98,2,0,0,0,0,0,933,1
"934",259000,959000,998145.78,631.21,1578.8,1,551.524585165083,0,97,3,0,0,0,0,0,934,1
"935",269000,959000,1e+06,1659.5,4149.86,2,1479.98729647324,0,91,9,0,0,0,0,0,935,1
"936",169000,949000,1e+06,2757.7,8366.81,5,2931.43231524341,0,83,16,1,0,0,0,0,936,1
"937",179000,949000,1e+06,1529.29,4989.12,3,1748.01002105326,0,91,8,1,0,0,0,0,937,1
"938",189000,949000,999268.09,1544.9,6885.3,0,2412.3639420867,0,91,8,1,0,0,0,0,938,1
"939",199000,949000,998481.01,526.88,1317.46,0,461.59107827954,0,97,3,0,0,0,0,0,939,1
"940",209000,949000,999513.97,1497.73,3744.91,2,1362.02498299442,0,92,8,0,0,0,0,0,940,1
"941",219000,949000,1e+06,10582.47,44531.26,14,16149.4510141611,0,82,9,2,4,0,3,0,941,1
"942",229000,949000,1e+06,2595.65,7894.25,0,2871.14128879458,0,91,8,1,0,0,0,0,942,1
"943",239000,949000,1e+06,1622.15,5142.72,0,1870.40894731693,0,94,5,1,0,0,0,0,943,1
"944",249000,949000,996037.94,545.02,1363.06,0,483.874148638919,0,98,2,0,0,0,0,0,944,1
"945",259000,949000,1e+06,612.69,1532.8,4,548.173159746453,0,97,3,0,0,0,0,0,945,1
"946",269000,949000,1e+06,1900.74,6091.85,5,2293.6536644157,0,93,5,2,0,0,0,0,946,1
"947",169000,939000,1e+06,6299.24,23197.15,9,10444.9589341339,0,70,26,2,1,0,1,0,947,1
"948",179000,939000,1e+06,2341.54,6907.2,6,3127.85092757084,0,85,14,1,0,0,0,0,948,1
"949",189000,939000,1e+06,1960.5,4902,3,2183.81969839334,0,86,14,0,0,0,0,0,949,1
"950",199000,939000,998101.02,500.21,1509.93,0,535.81471965462,0,95,5,0,0,0,0,0,950,1
"951",209000,939000,997662.12,1002.76,2507.49,2,900.905423333868,0,95,5,0,0,0,0,0,951,1
"952",219000,939000,999958.83,3828.03,9572.34,9,3468.28629689291,0,80,19,1,0,0,0,0,952,1
"953",229000,939000,999027.25,2472.93,7066.23,6,2569.99013714958,0,90,9,1,0,0,0,0,953,1
"954",239000,939000,999467.44,2088.16,6281.69,0,2284.65268585179,0,88,11,1,0,0,0,0,954,1
"955",249000,939000,998233.48,903.38,2259.28,3,830.959484074264,0,94,6,0,0,0,0,0,955,1
"956",259000,939000,1e+06,884.63,2212.82,1,825.628783017397,0,97,3,0,0,0,0,0,956,1
"957",269000,939000,1e+06,3652.19,12146.58,8,6663.14689289406,0,87,12,0,0,0,1,0,957,1
"958",169000,929000,1e+06,3767.71,12701.54,10,5724.38728634081,0,86,12,0,1,0,1,0,958,1
"959",179000,929000,1e+06,2213.99,5536.17,7,2506.99893858284,0,86,14,0,0,0,0,0,959,1
"960",189000,929000,999523,3226.72,11879.15,3,5379.35363794119,0,82,14,4,0,0,0,0,960,1
"961",199000,929000,999632.48,1350.83,4352.38,2,1970.93151414022,0,93,6,1,0,0,0,0,961,1
"962",209000,929000,999600,4282.43,17178.03,10,7719.47093961016,0,80,17,0,0,3,0,0,962,1
"963",219000,929000,998702.95,2518.57,6298.1,8,2276.04675170686,0,86,14,0,0,0,0,0,963,1
"964",229000,929000,1e+06,1090.54,3704.52,5,1336.42576739378,0,96,3,1,0,0,0,0,964,1
"965",239000,929000,997404.21,1935.78,4840.52,1,1763.69363104832,0,89,11,0,0,0,0,0,965,1
"966",249000,929000,998648.34,263.39,659.38,1,245.481547843665,0,100,0,0,0,0,0,0,966,1
"967",259000,929000,1e+06,1604.28,5450.95,7,2033.81261385791,0,94,5,1,0,0,0,0,967,1
"968",269000,929000,1e+06,6844.1,33647.83,8,16218.8953315727,0,86,11,0,0,0,3,0,968,1
"969",169000,919000,1e+06,1976.68,6145.99,2,2678.24932359625,0,88,11,1,0,0,0,0,969,1
"970",179000,919000,1e+06,1689.02,5010.66,4,2269.02700070664,0,84,15,1,0,0,0,0,970,1
"971",189000,919000,1e+06,3348.15,8372.27,4,3791.29827713594,0,76,24,0,0,0,0,0,971,1
"972",199000,919000,1e+06,2762.75,6908.64,4,3128.50815299526,0,80,20,0,0,0,0,0,972,1
"973",209000,919000,1e+06,6070.57,15944.76,16,6919.92416036874,0,65,33,2,0,0,0,0,973,1
"974",219000,919000,998827.21,1568.63,3923.19,3,1563.54564968869,0,91,9,0,0,0,0,0,974,1
"975",229000,919000,1e+06,1421.12,3554.6,8,1714.67788666859,0,92,8,0,0,0,0,0,975,1
"976",239000,919000,996618.64,454.35,1136.65,1,636.486352641136,0,94,6,0,0,0,0,0,976,1
"977",249000,919000,999984.83,1220.14,3052.1,4,1138.77388930507,0,94,6,0,0,0,0,0,977,1
"978",259000,919000,1e+06,9929.91,39500.64,15,14738.1465863157,0,79,13,0,6,0,2,0,978,1
"979",269000,919000,1e+06,23630.18,117971.74,27,43960.5734739062,0,55,33,2,4,0,6,0,979,1
"980",169000,909000,1e+06,849.96,2321.03,2,985.103272476233,0,94,6,0,0,0,0,0,980,1
"981",179000,909000,1e+06,2795.08,6989.61,3,3164.11125328205,0,81,19,0,0,0,0,0,981,1
"982",189000,909000,1e+06,10112.13,40937.74,15,18538.2438887544,0,71,20,2,5,0,2,0,982,1
"983",199000,909000,1e+06,3938.84,10036.09,3,4544.74246021733,0,78,20,2,0,0,0,0,983,1
"984",209000,909000,1e+06,6298.19,20806.75,14,9348.00954820308,0,70,25,0,5,0,0,0,984,1
"985",219000,909000,998892.51,1709.63,4276.71,3,1855.64380423259,0,88,12,0,0,0,0,0,985,1
"986",229000,909000,999917.6,3803.22,14957.64,6,9309.80855019763,0,92,4,0,0,4,0,0,986,1
"987",239000,909000,996960.11,379.08,1154.17,2,742.103718612343,0,99,1,0,0,0,0,0,987,1
"988",249000,909000,1e+06,3679.51,9202.5,9,3433.55940023251,0,78,22,0,0,0,0,0,988,1
"989",259000,909000,1e+06,49446.95,285560.99,39,106530.835852297,0,53,16,0,16,0,0,15,989,1
"990",269000,909000,1e+06,2950.53,7393.51,10,2758.48008403555,0,81,19,0,0,0,0,0,990,1
"991",169000,899000,1e+06,2038.79,5883.32,0,2496.16393953655,0,89,10,1,0,0,0,0,991,1
"992",179000,899000,1e+06,2863.97,7162.75,1,3133.25925451331,0,84,16,0,0,0,0,0,992,1
"993",189000,899000,1e+06,2745.13,6865.42,2,3108.93641313166,0,86,13,1,0,0,0,0,993,1
"994",199000,899000,1e+06,24042.44,75085.16,34,34001.5596607663,0,46,27,3,18,0,6,0,994,1
"995",209000,899000,1e+06,34333.17,109496.85,35,44037.7188800289,0,25,32,0,40,0,2,1,995,1
"996",219000,899000,1e+06,24853.44,85923.31,24,35685.0433192141,0,47,25,8,16,0,4,0,996,1
"997",229000,899000,998610.74,2653.6,11110.07,13,6114.84776173997,0,95,3,0,1,1,0,0,997,1
"998",239000,899000,996520.11,4160.91,16817.26,6,10918.1284224708,0,85,11,3,0,0,1,0,998,1
"999",249000,899000,991372.45,8693.63,21787.99,13,8295.72151428648,0,60,35,3,2,0,0,0,999,1
"1000",259000,899000,1e+06,5217.07,13603.79,13,5075.73171795532,0,71,28,0,1,0,0,0,1000,1
"1001",269000,899000,1e+06,3560.33,9610.38,8,3585.74415623024,0,81,17,2,0,0,0,0,1001,1
"1002",169000,889000,1e+06,5498.34,18995.74,6,8059.47683657613,0,83,11,5,0,0,1,0,1002,1
"1003",179000,889000,999340.71,3331.16,10647.53,3,4442.73467354849,0,90,9,1,0,0,0,0,1003,1
"1004",189000,889000,999858.77,3436.79,8594.93,4,2406.89451522613,0,87,13,0,0,0,0,0,1004,1
"1005",199000,889000,999975.24,119486.31,731483.88,114,119426.885618345,0,20,22,1,27,0,3,27,1005,1
"1006",209000,889000,1e+06,156703.5,960715.94,103,263637.992468758,0,4,17,0,24,0,3,52,1006,1
"1007",219000,889000,1e+06,27850.08,91961.18,44,37272.9040382369,0,27,42,5,23,0,3,0,1007,1
"1008",229000,889000,998169.58,27029.5,142989.72,45,50380.9040126009,0,62,23,7,2,0,0,6,1008,1
"1009",239000,889000,997043.55,25393.85,116161.22,57,60858.0084604248,0,59,13,1,16,0,7,4,1009,1
"1010",249000,889000,996520.5,13948.6,51087.54,27,27074.7901393808,0,68,17,4,7,0,4,0,1010,1
"1011",259000,889000,1e+06,6182.58,15554.19,19,6843.69705881551,0,69,26,5,0,0,0,0,1011,1
"1012",269000,889000,1e+06,10537.2,30827.27,22,15126.3560091108,0,64,26,0,0,10,0,0,1012,1
"1013",169000,879000,1e+06,12680.35,44637,18,18938.502383885,0,59,22,8,0,11,0,0,1013,1
"1014",179000,879000,1e+06,5455.59,16075.57,8,6415.69804853294,0,76,22,2,0,0,0,0,1014,1
"1015",189000,879000,1e+06,6581.63,19488.21,9,7946.37850146042,0,72,23,4,1,0,0,0,1015,1
"1016",199000,879000,999963.92,53481.44,197482.41,66,63021.4659851026,0,22,28,0,43,0,7,0,1016,1
"1017",209000,879000,999850.78,40102.68,166989.63,46,51229.5453903652,0,43,16,0,34,0,3,4,1017,1
"1018",219000,879000,1e+06,9126.95,25716.93,7,10596.2091866638,0,54,41,4,1,0,0,0,1018,1
"1019",229000,879000,998246.88,4953.55,16623.07,10,6962.88682353962,0,76,22,2,0,0,0,0,1019,1
"1020",239000,879000,993830.56,4176.17,14186.33,12,12321.7804705966,0,83,9,6,1,0,1,0,1020,1
"1021",249000,879000,1e+06,9148.2,28512.54,27,24848.4859772287,0,65,18,7,8,0,2,0,1021,1
"1022",259000,879000,1e+06,4162.94,10411.03,12,5147.51438327692,0,75,18,7,0,0,0,0,1022,1
"1023",269000,879000,999960.73,8171.56,24323.65,12,12454.1788904425,0,55,37,2,0,6,0,0,1023,1
"1024",169000,869000,1e+06,23112.29,80404.23,27,33889.3532018727,0,49,23,3,22,0,3,0,1024,1
"1025",179000,869000,1e+06,35832.44,109356.54,45,42103.454028097,0,21,29,0,48,0,2,0,1025,1
"1026",189000,869000,999812.86,17643.18,48149.34,20,18942.5796250943,0,43,39,2,16,0,0,0,1026,1
"1027",199000,869000,999275.53,25559.83,87884.74,36,41066.2430978865,0,57,11,0,24,4,4,0,1027,1
"1028",209000,869000,1e+06,14858.39,60547.95,24,29183.7898753155,0,65,19,6,6,1,3,0,1028,1
"1029",219000,869000,1e+06,8454.72,28408.6,20,13687.7881824905,0,71,14,15,0,0,0,0,1029,1
"1030",229000,869000,1e+06,3899.27,13550.14,5,6521.05765806884,0,85,11,4,0,0,0,0,1030,1
"1031",239000,869000,992953.2,4116.12,11438.34,15,7687.47644273285,0,76,17,7,0,0,0,0,1031,1
"1032",249000,869000,1e+06,8803.67,29379.23,19,27331.38904313,0,65,20,0,3,12,0,0,1032,1
"1033",259000,869000,1e+06,7060.62,27727.94,16,15081.7566852625,0,80,15,0,1,0,3,1,1033,1
"1034",269000,869000,1e+06,5648.28,14247.28,10,7294.28188799322,0,75,18,4,3,0,0,0,1034,1
"1035",159000,859000,996181.32,2317.29,5796.83,3,2504.88514185697,0,88,11,1,0,0,0,0,1035,1
"1036",169000,859000,1e+06,71267.09,358270.03,81,157101.884202072,0,14,16,2,42,0,8,18,1036,1
"1037",179000,859000,1e+06,46522.17,162078.99,87,72662.3702434702,0,7,33,0,57,0,3,0,1037,1
"1038",189000,859000,1e+06,42052.28,155707.54,71,78122.017041902,0,10,25,0,56,0,9,0,1038,1
"1039",199000,859000,998247.06,11443.47,32795.81,21,24503.3789476566,0,49,28,4,17,2,0,0,1039,1
"1040",209000,859000,1e+06,2234.24,6519.14,6,3119.01062909607,0,91,7,1,0,1,0,0,1040,1
"1041",219000,859000,1e+06,4234.83,15323.96,8,7308.58566988353,0,87,10,3,0,0,0,0,1041,1
"1042",229000,859000,999900.29,12847.62,71419.41,16,25620.514042533,0,83,8,1,4,0,4,0,1042,1
"1043",239000,859000,989118.07,6469.95,18052.32,10,10171.2768206233,0,79,11,4,0,6,0,0,1043,1
"1044",249000,859000,999470.28,6367.99,16100.99,15,9046.07378476114,0,69,23,2,4,2,0,0,1044,1
"1045",259000,859000,1e+06,24522.84,73244.96,19,39723.2996272426,0,25,44,3,21,0,0,7,1045,1
"1046",269000,859000,1e+06,44920.71,256428.94,55,130382.12856246,0,39,25,0,5,19,0,12,1046,1
"1047",169000,849000,1e+06,44423.81,144893.28,69,99993.5303739942,0,17,8,0,65,0,10,0,1047,1
"1048",179000,849000,1e+06,41545.08,153922.85,67,102791.58953494,0,8,27,0,49,0,16,0,1048,1
"1049",189000,849000,1e+06,24067.81,81414.9,37,71917.9510230888,0,22,33,0,38,0,7,0,1049,1
"1050",199000,849000,997803.36,11650.95,34082.59,17,33040.5519002788,0,48,25,11,10,2,4,0,1050,1
"1051",209000,849000,1e+06,9808.3,28030.37,21,8697.46008094586,0,75,17,8,0,0,0,0,1051,1
"1052",219000,849000,1e+06,13578.72,43453.55,19,12182.0261075683,0,67,24,3,0,6,0,0,1052,1
"1053",229000,849000,1e+06,1532.84,3833.93,3,1120.44629942439,0,94,6,0,0,0,0,0,1053,1
"1054",239000,849000,995708.37,2907.98,7271.12,6,3578.21605044045,0,84,13,3,0,0,0,0,1054,1
"1055",249000,849000,994740.37,18655,67304.64,44,37689.5803083889,0,41,33,2,14,6,4,0,1055,1
"1056",259000,849000,1e+06,35395.67,146822.32,45,79494.2436940959,0,15,38,0,40,0,0,7,1056,1
"1057",269000,849000,1e+06,13677.77,36548.18,12,17896.078106408,0,34,50,2,12,2,0,0,1057,1
"1058",169000,839000,998461.78,30035.58,103261.42,41,66466.9715839941,0,31,19,0,49,0,1,0,1058,1
"1059",179000,839000,1e+06,25508.01,114303.49,73,65934.0741573926,0,35,36,4,13,5,7,0,1059,1
"1060",189000,839000,1e+06,8726.71,21820.49,16,14179.3157963073,0,43,46,0,7,4,0,0,1060,1
"1061",199000,839000,998169.63,5484.61,13714.95,8,13139.3630521018,0,43,47,2,0,8,0,0,1061,1
"1062",209000,839000,1e+06,17913.14,47694.9,21,14227.422189286,0,33,58,7,2,0,0,0,1062,1
"1063",219000,839000,1e+06,28635.22,123615.98,42,36051.0926767625,0,46,29,6,12,2,5,0,1063,1
"1064",229000,839000,1e+06,18366.84,47277.43,15,21611.5510628056,0,25,49,26,0,0,0,0,1064,1
"1065",239000,839000,998293.84,3511.53,8780.74,4,4302.14360020589,0,76,24,0,0,0,0,0,1065,1
"1066",249000,839000,994472.03,16692.88,57112.89,27,29679.8466602052,0,56,22,5,13,0,4,0,1066,1
"1067",259000,839000,1e+06,18926.63,55601.24,25,24269.94434758,0,24,60,4,9,0,3,0,1067,1
"1068",269000,839000,1e+06,10901.3,37635.1,12,15013.9106108956,0,51,39,1,7,0,2,0,1068,1
"1069",169000,829000,994010.94,14694.7,39316.13,27,19519.6349089555,0,53,26,6,9,6,0,0,1069,1
"1070",179000,829000,1e+06,20383.62,61545.85,56,30618.3991006939,0,42,38,5,9,0,6,0,1070,1
"1071",189000,829000,1e+06,3964,9913.31,12,4529.62643676158,0,73,27,0,0,0,0,0,1071,1
"1072",199000,829000,998302.44,7643.06,19111.83,12,10350.7156071328,0,58,31,11,0,0,0,0,1072,1
"1073",209000,829000,1e+06,23439.59,72212.04,40,33895.9848381411,0,29,45,7,17,0,0,2,1073,1
"1074",219000,829000,1e+06,32037.31,101889.36,29,52976.8916709535,0,16,36,1,41,0,3,3,1074,1
"1075",229000,829000,1e+06,28909.34,80964.73,46,39400.1136725172,0,11,49,8,29,0,3,0,1075,1
"1076",239000,829000,997023.12,11611.84,32127.47,18,15487.5862624431,0,53,33,1,0,13,0,0,1076,1
"1077",249000,829000,993484.56,18503.23,77008.63,27,29908.7743862486,0,59,22,0,14,0,5,0,1077,1
"1078",259000,829000,1e+06,30608.91,87916.92,31,36838.1682326626,0,17,45,4,33,0,1,0,1078,1
"1079",269000,829000,1e+06,43665.03,202370.79,48,85487.7344132307,0,27,37,1,22,0,13,0,1079,1
"1080",169000,819000,998943.08,47449.17,276630.87,91,129375.563582135,0,33,23,0,24,2,2,16,1080,1
"1081",179000,819000,990305.57,7117.63,19259.08,5,9684.32213401235,0,70,23,4,0,3,0,0,1081,1
"1082",189000,819000,1e+06,26559.52,145304.73,60,67513.6624910151,0,48,19,0,27,0,6,0,1082,1
"1083",199000,819000,965997.95,16280.03,53317.58,27,26032.8438357217,2,49,28,12,8,0,1,0,1083,1
"1084",209000,819000,1e+06,21081.12,69926.28,17,35143.5094137252,0,40,36,5,18,0,0,1,1084,1
"1085",219000,819000,1e+06,40072.15,158755.66,44,80563.4124979097,0,32,30,3,24,0,5,6,1085,1
"1086",229000,819000,1e+06,34918.4,99478.6,28,46204.9232250517,0,15,35,0,47,0,3,0,1086,1
"1087",239000,819000,995218.33,19978.88,69613.33,31,18527.5076909494,0,57,30,0,6,3,4,0,1087,1
"1088",249000,819000,990307.03,34296.17,130157.46,39,54555.1169740427,0,30,31,0,33,0,6,0,1088,1
"1089",259000,819000,1e+06,59300.51,186003.99,79,58858.0152520072,0,1,35,0,60,0,1,3,1089,1
"1090",269000,819000,1e+06,80237.44,369681.74,75,144275.607629025,0,2,15,0,64,0,11,8,1090,1
"1091",179000,809000,998571.81,20306.96,81383.22,47,45146.9069662765,0,54,22,6,3,11,4,0,1091,1
"1092",189000,809000,1e+06,36208.35,139603.12,68,67283.7888233941,0,8,47,0,38,0,7,0,1092,1
"1093",199000,809000,763799.86,27452.69,96888.78,49,44340.130813105,14,11,40,1,27,0,7,0,1093,1
"1094",209000,809000,1e+06,18741.62,50429.9,32,11892.7920814119,0,41,51,3,3,2,0,0,1094,1
"1095",219000,809000,1e+06,23933.55,68989.49,31,14488.6022707154,0,50,39,3,5,3,0,0,1095,1
"1096",229000,809000,1e+06,71108.57,325606.32,34,94701.5150043722,0,35,10,0,28,0,0,27,1096,1
"1097",239000,809000,993419.89,57789.99,328700.61,27,86736.3806536291,0,55,8,5,9,3,0,20,1097,1
"1098",249000,809000,990022.33,18109.5,81306.62,30,43722.8216485791,0,72,8,2,7,5,3,3,1098,1
"1099",259000,809000,999997.59,180821.2,1355743.97,160,270667.888300561,0,6,7,0,21,0,0,66,1099,1
"1100",269000,809000,999666.01,95086.13,574581.2,70,132411.500341533,0,3,25,0,53,0,5,14,1100,1
"1101",179000,799000,994179.98,11705.95,45063.77,29,23894.0187160745,0,56,29,10,3,0,2,0,1101,1
"1102",189000,799000,918532.94,23901.98,73186.93,57,26611.195537202,6,25,39,2,23,0,5,0,1102,1
"1103",199000,799000,651482.18,26874,80639.85,38,34089.7963045556,26,6,25,9,33,0,1,0,1103,1
"1104",209000,799000,1e+06,17716.82,49827.74,15,16529.6382207815,0,29,61,2,7,1,0,0,1104,1
"1105",219000,799000,1e+06,52912.9,181320.56,26,43339.9406882534,0,18,44,0,27,6,0,5,1105,1
"1106",229000,799000,1e+06,205575.02,1294797.2,47,336992.029607526,0,2,3,0,17,0,0,78,1106,1
"1107",239000,799000,564996.4,81931.24,551856.64,69,145305.928151502,39,18,6,1,5,0,7,24,1107,1
"1108",249000,799000,401275.53,3996.77,15921.71,8,4528.11409625505,57,33,4,6,0,0,0,0,1108,1
"1109",259000,799000,912860.46,137741.06,1061535.81,157,383412.995775872,6,25,10,3,11,0,9,36,1109,1
"1110",189000,789000,946703.2,50428.16,273218.29,69,77735.6817655489,3,41,19,8,17,0,0,12,1110,1
"1111",199000,789000,936743.1,22445.27,64939.24,30,25993.9508871613,3,25,47,11,14,0,0,0,1111,1
"1112",209000,789000,999581.5,69702.16,406189.52,60,157241.871270748,0,8,42,0,20,7,0,23,1112,1
"1113",219000,789000,995386.39,106190.65,688198.29,30,217290.131216213,0,18,15,0,16,3,0,48,1113,1
"1114",229000,789000,982327.73,258604.18,2047488.52,86,528917.627298991,0,0,5,0,7,0,0,88,1114,1
"1115",239000,789000,642547,205582.4,1812551.06,194,823782.587757196,26,0,0,0,0,0,0,74,1115,1
"1116",249000,789000,490504.06,147805.69,1297196,128,385848.639422925,34,0,0,0,0,0,0,66,1116,1
"1117",259000,789000,782431.03,74719.01,505242.59,39,120428.959996963,17,19,11,1,7,0,1,44,1117,1
